model,case,dice,hd95,avd,recall,precision,f1,gt_vol,pred_vol,vol_ratio,tp,fp,fn
DS002_ResEncL_3D,WMH_0061,0.778889,3.0000,0.140496,0.724174,0.842548,0.778889,968,832,0.859504,701,131,267
DS002_ResEncL_3D,WMH_0062,0.890158,1.2999,0.041604,0.871641,0.909479,0.890158,14662,14052,0.958396,12780,1272,1882
DS002_ResEncL_3D,WMH_0063,0.849015,1.3001,0.039041,0.865588,0.833065,0.849015,1793,1863,1.039041,1552,311,241
DS002_ResEncL_3D,WMH_0064,0.576369,15.6512,0.082873,0.552486,0.602410,0.576369,181,166,0.917127,100,66,81
DS002_ResEncL_3D,WMH_0065,0.890049,1.3001,0.007587,0.893425,0.886698,0.890049,2768,2789,1.007587,2473,316,295
DS002_ResEncL_3D,WMH_0066,0.819815,1.7767,0.090648,0.856972,0.785746,0.819815,4181,4560,1.090648,3583,977,598
DS002_ResEncL_3D,WMH_0067,0.698055,11.8189,0.030242,0.687500,0.708940,0.698055,496,481,0.969758,341,140,155
DS002_ResEncL_3D,WMH_0068,0.725076,7.1613,0.267016,0.628272,0.857143,0.725076,191,140,0.732984,120,20,71
DS002_ResEncL_3D,WMH_0069,0.757774,3.0000,0.029900,0.769103,0.746774,0.757774,1806,1860,1.029900,1389,471,417
DS002_ResEncL_3D,WMH_0070,0.845303,1.7766,0.007006,0.848264,0.842362,0.845303,6709,6756,1.007006,5691,1065,1018
DS002_ResEncL_3D,WMH_0071,0.866391,1.2000,0.001911,0.867219,0.865565,0.866391,6281,6293,1.001911,5447,846,834
DS002_ResEncL_3D,WMH_0072,0.886685,1.5472,0.005097,0.884425,0.888956,0.886685,13342,13274,0.994903,11800,1474,1542
DS002_ResEncL_3D,WMH_0073,0.638454,10.4186,0.417758,0.505095,0.867500,0.638454,687,400,0.582242,347,53,340
DS002_ResEncL_3D,WMH_0074,0.922947,1.2000,0.086221,0.883159,0.966490,0.922947,11169,10206,0.913779,9864,342,1305
DS002_ResEncL_3D,WMH_0075,0.763020,3.5899,0.188163,0.691234,0.851444,0.763020,1791,1454,0.811837,1238,216,553
DS002_ResEncL_3D,WMH_0076,0.857681,1.9532,0.069505,0.827875,0.889715,0.857681,2748,2557,0.930495,2275,282,473
DS002_ResEncL_3D,WMH_0077,0.804435,3.0000,0.064516,0.830385,0.780059,0.804435,961,1023,1.064516,798,225,163
DS002_ResEncL_3D,WMH_0078,0.468140,29.9524,0.614414,0.324324,0.841121,0.468140,555,214,0.385586,180,34,375
DS002_ResEncL_3D,WMH_0079,0.750276,3.0000,0.070362,0.723881,0.778670,0.750276,938,872,0.929638,679,193,259
DS002_ResEncL_3D,WMH_0080,0.668182,6.1083,0.111588,0.630901,0.710145,0.668182,233,207,0.888412,147,60,86
DS002_ResEncL_3D,WMH_0081,0.765385,3.7756,0.118126,0.810591,0.724954,0.765385,982,1098,1.118126,796,302,186
DS002_ResEncL_3D,WMH_0082,0.866897,1.5472,0.062237,0.893874,0.841501,0.866897,15425,16385,1.062237,13788,2597,1637
DS002_ResEncL_3D,WMH_0083,0.892939,1.2000,0.053054,0.869253,0.917953,0.892939,8482,8032,0.946946,7373,659,1109
DS002_ResEncL_3D,WMH_0084,0.756873,3.3755,0.040704,0.772277,0.742072,0.756873,909,946,1.040704,702,244,207
DS002_ResEncL_3D,WMH_0085,0.769550,3.0000,0.068719,0.795991,0.744809,0.769550,1397,1493,1.068719,1112,381,285
DS002_ResEncL_3D,WMH_0086,0.831511,1.1999,0.198907,0.914208,0.762534,0.831511,1830,2194,1.198907,1673,521,157
DS002_ResEncL_3D,WMH_0087,0.860995,1.2000,0.104182,0.905845,0.820377,0.860995,4089,4515,1.104182,3704,811,385
DS002_ResEncL_3D,WMH_0088,0.901962,1.5472,0.024407,0.912969,0.891217,0.901962,14627,14984,1.024407,13354,1630,1273
DS002_ResEncL_3D,WMH_0089,0.697068,19.4560,0.087227,0.666667,0.730375,0.697068,321,293,0.912773,214,79,107
DS002_ResEncL_3D,WMH_0090,0.709870,7.1596,0.125234,0.665421,0.760684,0.709870,535,468,0.874766,356,112,179
DS002_ResEncL_3D,WMH_0091,0.721111,3.0000,0.078975,0.692636,0.752028,0.721111,937,863,0.921025,649,214,288
DS002_ResEncL_3D,WMH_0092,0.876375,1.2000,0.008707,0.872559,0.880224,0.876375,3790,3757,0.991293,3307,450,483
DS002_ResEncL_3D,WMH_0093,0.581019,8.3287,0.448833,0.450628,0.817590,0.581019,557,307,0.551167,251,56,306
DS002_ResEncL_3D,WMH_0094,0.879887,1.2000,0.163617,0.951870,0.818026,0.879887,7542,8776,1.163617,7179,1597,363
DS002_ResEncL_3D,WMH_0095,0.884438,1.2000,0.087488,0.923126,0.848861,0.884438,3109,3381,1.087488,2870,511,239
DS002_ResEncL_3D,WMH_0096,0.853997,1.2000,0.020110,0.862584,0.845579,0.853997,3282,3348,1.020110,2831,517,451
DS002_ResEncL_3D,WMH_0097,0.759239,3.3755,0.169582,0.823615,0.704196,0.759239,2058,2407,1.169582,1695,712,363
DS002_ResEncL_3D,WMH_0098,0.772780,3.0000,0.016279,0.779070,0.766590,0.772780,2150,2185,1.016279,1675,510,475
DS002_ResEncL_3D,WMH_0099,0.855600,1.5472,0.137713,0.914513,0.803817,0.855600,3638,4139,1.137713,3327,812,311
DS002_ResEncL_3D,WMH_0100,0.775215,2.2924,0.180117,0.845029,0.716056,0.775215,1710,2018,1.180117,1445,573,265
DS002_ResEncL_3D,WMH_0101,0.875822,1.5295,0.102704,0.920797,0.835036,0.875822,25744,28388,1.102704,23705,4683,2039
DS002_ResEncL_3D,WMH_0102,0.791922,3.0000,0.139133,0.847013,0.743560,0.791922,6713,7647,1.139133,5686,1961,1027
DS002_ResEncL_3D,WMH_0103,0.701727,4.0560,0.081738,0.673048,0.732958,0.701727,3291,3022,0.918262,2215,807,1076
DS002_ResEncL_3D,WMH_0104,0.614958,11.4824,0.341501,0.509954,0.774419,0.614958,653,430,0.658499,333,97,320
DS002_ResEncL_3D,WMH_0105,0.746147,3.3674,0.224574,0.662364,0.854194,0.746147,1937,1502,0.775426,1283,219,654
DS002_ResEncL_3D,WMH_0106,0.744838,3.3674,0.280140,0.640509,0.889769,0.744838,2281,1642,0.719860,1461,181,820
DS002_ResEncL_3D,WMH_0107,0.884211,1.0417,0.028719,0.896907,0.871868,0.884211,5432,5588,1.028719,4872,716,560
DS002_ResEncL_3D,WMH_0108,0.803768,1.5295,0.068679,0.776167,0.833404,0.803768,7586,7065,0.931321,5888,1177,1698
DS002_ResEncL_3D,WMH_0109,0.489253,39.9128,0.606277,0.340942,0.865942,0.489253,701,276,0.393723,239,37,462
DS002_ResEncL_3D,WMH_0110,0.843031,1.1827,0.053467,0.820494,0.866841,0.843031,8061,7630,0.946533,6614,1016,1447
DS002_ResEncL_3D,WMH_0111,0.828128,2.2361,0.125000,0.879886,0.782121,0.828128,2456,2763,1.125000,2161,602,295
DS002_ResEncL_3D,WMH_0112,0.897273,1.0000,0.060379,0.870185,0.926102,0.897273,8281,7781,0.939621,7206,575,1075
DS002_ResEncL_3D,WMH_0113,0.927531,1.0000,0.015277,0.920446,0.934726,0.927531,26837,26427,0.984723,24702,1725,2135
DS002_ResEncL_3D,WMH_0114,0.708277,6.0538,0.448505,0.867110,0.598624,0.708277,301,436,1.448505,261,175,40
DS002_ResEncL_3D,WMH_0115,0.777953,8.5440,0.132353,0.726471,0.837288,0.777953,1020,885,0.867647,741,144,279
DS002_ResEncL_3D,WMH_0116,0.669241,6.1644,0.280973,0.575221,0.800000,0.669241,452,325,0.719027,260,65,192
DS002_ResEncL_3D,WMH_0117,0.746465,4.4721,0.195077,0.673655,0.836920,0.746465,1097,883,0.804923,739,144,358
DS002_ResEncL_3D,WMH_0118,0.810501,2.2361,0.066833,0.783417,0.839525,0.810501,3606,3365,0.933167,2825,540,781
DS002_ResEncL_3D,WMH_0119,0.745326,16.1555,0.056391,0.724311,0.767596,0.745326,798,753,0.943609,578,175,220
DS002_ResEncL_3D,WMH_0120,0.809758,3.0000,0.162598,0.875591,0.753132,0.809758,2540,2953,1.162598,2224,729,316
DS002_ResEncL_3D,WMH_0121,0.858577,2.2361,0.071806,0.889402,0.829817,0.858577,6058,6493,1.071806,5388,1105,670
DS002_ResEncL_3D,WMH_0122,0.889952,1.4142,0.133791,0.949485,0.837443,0.889952,11660,13220,1.133791,11071,2149,589
DS002_ResEncL_3D,WMH_0123,0.895368,1.0000,0.032187,0.909778,0.881408,0.895368,4101,4233,1.032187,3731,502,370
DS002_ResEncL_3D,WMH_0124,0.815027,2.8284,0.019936,0.823151,0.807062,0.815027,1555,1586,1.019936,1280,306,275
DS002_ResEncL_3D,WMH_0125,0.882908,1.0000,0.005797,0.885468,0.880364,0.882908,7762,7807,1.005797,6873,934,889
DS002_ResEncL_3D,WMH_0126,0.890430,1.0000,0.049896,0.912644,0.869271,0.890430,6754,7091,1.049896,6164,927,590
DS002_ResEncL_3D,WMH_0127,0.877920,1.4142,0.171141,0.953044,0.813774,0.877920,9051,10600,1.171141,8626,1974,425
DS002_ResEncL_3D,WMH_0128,0.898457,1.0000,0.147973,0.964930,0.840552,0.898457,6758,7758,1.147973,6521,1237,237
DS002_ResEncL_3D,WMH_0129,0.724254,3.6056,0.504733,0.907032,0.602786,0.724254,2958,4451,1.504733,2683,1768,275
DS002_ResEncL_3D,WMH_0130,0.476378,12.7279,0.422360,0.375776,0.650538,0.476378,322,186,0.577640,121,65,201
DS002_ResEncL_3D,WMH_0131,0.775497,2.0000,0.123875,0.823529,0.732759,0.775497,1445,1624,1.123875,1190,434,255
DS002_ResEncL_3D,WMH_0132,0.355859,29.8170,3.172631,0.920363,0.220571,0.355859,3968,16557,4.172631,3652,12905,316
DS002_ResEncL_3D,WMH_0133,0.854708,2.0000,0.180557,0.931870,0.789348,0.854708,7427,8768,1.180557,6921,1847,506
DS002_ResEncL_3D,WMH_0134,0.812178,3.0000,0.220248,0.901619,0.738882,0.812178,3151,3845,1.220248,2841,1004,310
DS002_ResEncL_3D,WMH_0135,0.845470,2.0000,0.206535,0.932780,0.773106,0.845470,9640,11631,1.206535,8992,2639,648
DS002_ResEncL_3D,WMH_0136,0.888332,1.0000,0.008324,0.884635,0.892060,0.888332,6007,5957,0.991676,5314,643,693
DS002_ResEncL_3D,WMH_0137,0.908294,1.0000,0.082727,0.870724,0.949252,0.908294,20344,18661,0.917273,17714,947,2630
DS002_ResEncL_3D,WMH_0138,0.867591,1.4142,0.035508,0.852188,0.883562,0.867591,6055,5840,0.964492,5160,680,895
DS002_ResEncL_3D,WMH_0139,0.795741,3.1623,0.085464,0.829744,0.764414,0.795741,1486,1613,1.085464,1233,380,253
DS002_ResEncL_3D,WMH_0140,0.806804,3.5333,0.058962,0.783019,0.832080,0.806804,848,798,0.941038,664,134,184
DS002_ResEncL_3D,WMH_0141,0.587046,14.2014,0.537945,0.429147,0.928779,0.587046,1489,688,0.462055,639,49,850
DS002_ResEncL_3D,WMH_0142,0.827919,1.9167,0.037235,0.843333,0.813059,0.827919,7117,7382,1.037235,6002,1380,1115
DS002_ResEncL_3D,WMH_0143,0.481244,13.5914,0.558047,0.346966,0.785075,0.481244,758,335,0.441953,263,72,495
DS002_ResEncL_3D,WMH_0144,0.881980,0.9583,0.087918,0.843209,0.924489,0.881980,10396,9482,0.912082,8766,716,1630
DS002_ResEncL_3D,WMH_0145,0.740173,5.2314,0.377942,0.600302,0.965026,0.740173,70831,44061,0.622058,42520,1541,28311
DS002_ResEncL_3D,WMH_0146,0.666831,6.0000,0.314938,0.561826,0.820109,0.666831,2410,1651,0.685062,1354,297,1056
DS002_ResEncL_3D,WMH_0147,0.441011,21.2893,0.707804,0.284936,0.975155,0.441011,551,161,0.292196,157,4,394
DS002_ResEncL_3D,WMH_0148,0.878127,1.3553,0.024547,0.867349,0.889176,0.878127,18658,18200,0.975453,16183,2017,2475
DS002_ResEncL_3D,WMH_0149,0.763184,3.1493,0.274536,0.658423,0.907590,0.763184,5176,3755,0.725464,3408,347,1768
DS002_ResEncL_3D,WMH_0150,0.741040,6.1415,0.094714,0.705947,0.779805,0.741040,2724,2466,0.905286,1923,543,801
DS002_ResEncL_3D,WMH_0151,0.798332,3.2919,0.021617,0.806961,0.789886,0.798332,4626,4726,1.021617,3733,993,893
DS002_ResEncL_3D,WMH_0152,0.657210,12.2722,0.366795,0.536680,0.847561,0.657210,777,492,0.633205,417,75,360
DS002_ResEncL_3D,WMH_0153,0.700744,6.5943,0.414227,0.845877,0.598120,0.700744,5567,7873,1.414227,4709,3164,858
DS002_ResEncL_3D,WMH_0154,0.806668,5.6533,0.154887,0.869139,0.752575,0.806668,4287,4951,1.154887,3726,1225,561
DS002_ResEncL_3D,WMH_0155,0.877064,1.3553,0.070195,0.846281,0.910170,0.877064,12679,11789,0.929805,10730,1059,1949
DS002_ResEncL_3D,WMH_0156,0.915267,0.9583,0.055070,0.890065,0.941938,0.915267,19466,18394,0.944930,17326,1068,2140
DS002_ResEncL_3D,WMH_0157,0.895277,1.3553,0.136913,0.833989,0.966287,0.895277,14228,12280,0.863087,11866,414,2362
DS002_ResEncL_3D,WMH_0158,0.878179,1.3553,0.017900,0.886038,0.870457,0.878179,8380,8530,1.017900,7425,1105,955
DS002_ResEncL_3D,WMH_0159,0.766686,3.1493,0.364525,0.906425,0.664278,0.766686,5012,6839,1.364525,4543,2296,469
DS002_ResEncL_3D,WMH_0160,0.628673,22.4501,0.402560,0.502134,0.840476,0.628673,703,420,0.597440,353,67,350
DS002_ResEncL_3D,WMH_0161,0.572314,12.1688,0.503864,0.428130,0.862928,0.572314,647,321,0.496136,277,44,370
DS002_ResEncL_3D,WMH_0162,0.656089,4.9611,0.370394,0.534583,0.849076,0.656089,1547,974,0.629606,827,147,720
DS002_ResEncL_3D,WMH_0163,0.835851,1.9167,0.047213,0.855582,0.817008,0.835851,5401,5656,1.047213,4621,1035,780
DS002_ResEncL_3D,WMH_0164,0.816098,2.1429,0.216507,0.727753,0.928857,0.816098,5113,4006,0.783493,3721,285,1392
DS002_ResEncL_3D,WMH_0165,0.580796,7.8107,0.365651,0.686981,0.503043,0.580796,361,493,1.365651,248,245,113
DS002_ResEncL_3D,WMH_0166,0.794777,3.0000,0.278386,0.684150,0.948083,0.794777,1735,1252,0.721614,1187,65,548
DS002_ResEncL_3D,WMH_0167,0.700585,7.1787,0.425414,0.551565,0.959936,0.700585,1086,624,0.574586,599,25,487
DS002_ResEncL_3D,WMH_0168,0.900540,0.9583,0.006353,0.897679,0.903419,0.900540,14953,14858,0.993647,13423,1435,1530
DS002_ResEncL_3D,WMH_0169,0.740192,4.5759,0.329850,0.862269,0.648395,0.740192,7943,10563,1.329850,6849,3714,1094
DS002_ResEncL_3D,WMH_0170,0.628159,14.4355,0.216000,0.696000,0.572368,0.628159,625,760,1.216000,435,325,190
DS002_ResEncL_3D_TTA,WMH_0061,0.792329,2.7487,0.114669,0.746901,0.843641,0.792329,968,857,0.885331,723,134,245
DS002_ResEncL_3D_TTA,WMH_0062,0.898123,1.2999,0.041809,0.879348,0.917717,0.898123,14662,14049,0.958191,12893,1156,1769
DS002_ResEncL_3D_TTA,WMH_0063,0.856987,1.3001,0.051311,0.878974,0.836074,0.856987,1793,1885,1.051311,1576,309,217
DS002_ResEncL_3D_TTA,WMH_0064,0.560907,16.1387,0.049724,0.546961,0.575581,0.560907,181,172,0.950276,99,73,82
DS002_ResEncL_3D_TTA,WMH_0065,0.891800,1.3001,0.013367,0.897760,0.885918,0.891800,2768,2805,1.013367,2485,320,283
DS002_ResEncL_3D_TTA,WMH_0066,0.817913,1.7767,0.104281,0.860560,0.779294,0.817913,4181,4617,1.104281,3598,1019,583
DS002_ResEncL_3D_TTA,WMH_0067,0.704569,9.0346,0.014113,0.699597,0.709611,0.704569,496,489,0.985887,347,142,149
DS002_ResEncL_3D_TTA,WMH_0068,0.733728,5.8393,0.230366,0.649215,0.843537,0.733728,191,147,0.769634,124,23,67
DS002_ResEncL_3D_TTA,WMH_0069,0.764130,2.7486,0.037652,0.778516,0.750267,0.764130,1806,1874,1.037652,1406,468,400
DS002_ResEncL_3D_TTA,WMH_0070,0.852933,1.3000,0.022954,0.862722,0.843363,0.852933,6709,6863,1.022954,5788,1075,921
DS002_ResEncL_3D_TTA,WMH_0071,0.871149,1.2000,0.010349,0.875657,0.866688,0.871149,6281,6346,1.010349,5500,846,781
DS002_ResEncL_3D_TTA,WMH_0072,0.889810,1.2000,0.028107,0.877305,0.902676,0.889810,13342,12967,0.971893,11705,1262,1637
DS002_ResEncL_3D_TTA,WMH_0073,0.640777,16.8939,0.350801,0.528384,0.813901,0.640777,687,446,0.649199,363,83,324
DS002_ResEncL_3D_TTA,WMH_0074,0.926245,1.2000,0.086848,0.886024,0.970291,0.926245,11169,10199,0.913152,9896,303,1273
DS002_ResEncL_3D_TTA,WMH_0075,0.778960,3.3755,0.163596,0.715243,0.855140,0.778960,1791,1498,0.836404,1281,217,510
DS002_ResEncL_3D_TTA,WMH_0076,0.862556,1.9532,0.040757,0.844978,0.880880,0.862556,2748,2636,0.959243,2322,314,426
DS002_ResEncL_3D_TTA,WMH_0077,0.804829,3.1428,0.068678,0.832466,0.778968,0.804829,961,1027,1.068678,800,227,161
DS002_ResEncL_3D_TTA,WMH_0078,0.466926,30.5025,0.610811,0.324324,0.833333,0.466926,555,216,0.389189,180,36,375
DS002_ResEncL_3D_TTA,WMH_0079,0.777655,2.9298,0.072495,0.749467,0.808046,0.777655,938,870,0.927505,703,167,235
DS002_ResEncL_3D_TTA,WMH_0080,0.666667,4.9759,0.120172,0.626609,0.712195,0.666667,233,205,0.879828,146,59,87
DS002_ResEncL_3D_TTA,WMH_0081,0.784661,3.5798,0.071283,0.812627,0.758555,0.784661,982,1052,1.071283,798,254,184
DS002_ResEncL_3D_TTA,WMH_0082,0.871128,1.5472,0.048947,0.892447,0.850803,0.871128,15425,16180,1.048947,13766,2414,1659
DS002_ResEncL_3D_TTA,WMH_0083,0.899528,1.2000,0.049752,0.877152,0.923077,0.899528,8482,8060,0.950248,7440,620,1042
DS002_ResEncL_3D_TTA,WMH_0084,0.763285,3.2311,0.049505,0.782178,0.745283,0.763285,909,954,1.049505,711,243,198
DS002_ResEncL_3D_TTA,WMH_0085,0.787364,2.2923,0.107373,0.829635,0.749192,0.787364,1397,1547,1.107373,1159,388,238
DS002_ResEncL_3D_TTA,WMH_0086,0.831264,1.1999,0.244262,0.932787,0.749671,0.831264,1830,2277,1.244262,1707,570,123
DS002_ResEncL_3D_TTA,WMH_0087,0.857539,1.2000,0.118366,0.908291,0.812158,0.857539,4089,4573,1.118366,3714,859,375
DS002_ResEncL_3D_TTA,WMH_0088,0.908943,1.5472,0.018186,0.917208,0.900826,0.908943,14627,14893,1.018186,13416,1477,1211
DS002_ResEncL_3D_TTA,WMH_0089,0.707547,3.6562,0.018692,0.700935,0.714286,0.707547,321,315,0.981308,225,90,96
DS002_ResEncL_3D_TTA,WMH_0090,0.673469,8.1933,0.168224,0.616822,0.741573,0.673469,535,445,0.831776,330,115,205
DS002_ResEncL_3D_TTA,WMH_0091,0.724138,3.0943,0.081110,0.694771,0.756098,0.724138,937,861,0.918890,651,210,286
DS002_ResEncL_3D_TTA,WMH_0092,0.881441,1.2000,0.008179,0.877836,0.885076,0.881441,3790,3759,0.991821,3327,432,463
DS002_ResEncL_3D_TTA,WMH_0093,0.582857,8.0696,0.429084,0.457810,0.801887,0.582857,557,318,0.570916,255,63,302
DS002_ResEncL_3D_TTA,WMH_0094,0.877625,1.2000,0.184301,0.958499,0.809337,0.877625,7542,8932,1.184301,7229,1703,313
DS002_ResEncL_3D_TTA,WMH_0095,0.891153,1.2000,0.083307,0.928273,0.856888,0.891153,3109,3368,1.083307,2886,482,223
DS002_ResEncL_3D_TTA,WMH_0096,0.861286,1.2000,0.038391,0.877818,0.845364,0.861286,3282,3408,1.038391,2881,527,401
DS002_ResEncL_3D_TTA,WMH_0097,0.757523,3.3755,0.228377,0.844023,0.687104,0.757523,2058,2528,1.228377,1737,791,321
DS002_ResEncL_3D_TTA,WMH_0098,0.779048,3.0000,0.033488,0.792093,0.766427,0.779048,2150,2222,1.033488,1703,519,447
DS002_ResEncL_3D_TTA,WMH_0099,0.850313,1.5472,0.150357,0.914239,0.794743,0.850313,3638,4185,1.150357,3326,859,312
DS002_ResEncL_3D_TTA,WMH_0100,0.779159,1.9532,0.211111,0.861404,0.711251,0.779159,1710,2071,1.211111,1473,598,237
DS002_ResEncL_3D_TTA,WMH_0101,0.878135,1.1827,0.101499,0.922700,0.837677,0.878135,25744,28357,1.101499,23754,4603,1990
DS002_ResEncL_3D_TTA,WMH_0102,0.798173,3.0000,0.152987,0.859228,0.745220,0.798173,6713,7740,1.152987,5768,1972,945
DS002_ResEncL_3D_TTA,WMH_0103,0.713627,4.3518,0.089031,0.681860,0.748499,0.713627,3291,2998,0.910969,2244,754,1047
DS002_ResEncL_3D_TTA,WMH_0104,0.650046,10.6814,0.341501,0.539051,0.818605,0.650046,653,430,0.658499,352,78,301
DS002_ResEncL_3D_TTA,WMH_0105,0.759855,3.2247,0.153330,0.701600,0.828659,0.759855,1937,1640,0.846670,1359,281,578
DS002_ResEncL_3D_TTA,WMH_0106,0.757959,3.3648,0.264796,0.657606,0.894454,0.757959,2281,1677,0.735204,1500,177,781
DS002_ResEncL_3D_TTA,WMH_0107,0.890500,1.0417,0.056149,0.915501,0.866829,0.890500,5432,5737,1.056149,4973,764,459
DS002_ResEncL_3D_TTA,WMH_0108,0.807015,1.1827,0.038228,0.791590,0.823054,0.807015,7586,7296,0.961772,6005,1291,1581
DS002_ResEncL_3D_TTA,WMH_0109,0.483042,50.7579,0.611983,0.335235,0.863971,0.483042,701,272,0.388017,235,37,466
DS002_ResEncL_3D_TTA,WMH_0110,0.842193,1.5296,0.063019,0.815656,0.870515,0.842193,8061,7553,0.936981,6575,978,1486
DS002_ResEncL_3D_TTA,WMH_0111,0.829465,2.1180,0.122557,0.880293,0.784186,0.829465,2456,2757,1.122557,2162,595,294
DS002_ResEncL_3D_TTA,WMH_0112,0.899611,1.0000,0.072938,0.866804,0.935001,0.899611,8281,7677,0.927062,7178,499,1103
DS002_ResEncL_3D_TTA,WMH_0113,0.929942,1.0000,0.020904,0.920222,0.939869,0.929942,26837,26276,0.979096,24696,1580,2141
DS002_ResEncL_3D_TTA,WMH_0114,0.702041,6.9662,0.441860,0.857143,0.594470,0.702041,301,434,1.441860,258,176,43
DS002_ResEncL_3D_TTA,WMH_0115,0.777251,8.5440,0.138235,0.723529,0.839590,0.777251,1020,879,0.861765,738,141,282
DS002_ResEncL_3D_TTA,WMH_0116,0.663212,6.3717,0.292035,0.566372,0.800000,0.663212,452,320,0.707965,256,64,196
DS002_ResEncL_3D_TTA,WMH_0117,0.755061,3.9354,0.198724,0.680036,0.848692,0.755061,1097,879,0.801276,746,133,351
DS002_ResEncL_3D_TTA,WMH_0118,0.813080,2.2361,0.057959,0.789517,0.838092,0.813080,3606,3397,0.942041,2847,550,759
DS002_ResEncL_3D_TTA,WMH_0119,0.763729,16.5529,0.037594,0.749373,0.778646,0.763729,798,768,0.962406,598,170,200
DS002_ResEncL_3D_TTA,WMH_0120,0.815149,2.2361,0.183071,0.889764,0.752080,0.815149,2540,3005,1.183071,2260,745,280
DS002_ResEncL_3D_TTA,WMH_0121,0.861578,2.0000,0.073787,0.893364,0.831975,0.861578,6058,6505,1.073787,5412,1093,646
DS002_ResEncL_3D_TTA,WMH_0122,0.891749,1.4142,0.131990,0.950600,0.839761,0.891749,11660,13199,1.131990,11084,2115,576
DS002_ResEncL_3D_TTA,WMH_0123,0.897295,1.0000,0.037064,0.913923,0.881260,0.897295,4101,4253,1.037064,3748,505,353
DS002_ResEncL_3D_TTA,WMH_0124,0.823718,2.2361,0.006431,0.826367,0.821086,0.823718,1555,1565,1.006431,1285,280,270
DS002_ResEncL_3D_TTA,WMH_0125,0.883137,1.0000,0.000902,0.883535,0.882739,0.883137,7762,7769,1.000902,6858,911,904
DS002_ResEncL_3D_TTA,WMH_0126,0.895589,1.0000,0.047675,0.916938,0.875212,0.895589,6754,7076,1.047675,6193,883,561
DS002_ResEncL_3D_TTA,WMH_0127,0.876352,1.4142,0.175782,0.953375,0.810844,0.876352,9051,10642,1.175782,8629,2013,422
DS002_ResEncL_3D_TTA,WMH_0128,0.900311,1.0000,0.141906,0.964191,0.844370,0.900311,6758,7717,1.141906,6516,1201,242
DS002_ResEncL_3D_TTA,WMH_0129,0.741025,3.2086,0.467208,0.914131,0.623041,0.741025,2958,4340,1.467208,2704,1636,254
DS002_ResEncL_3D_TTA,WMH_0130,0.481113,13.0229,0.437888,0.375776,0.668508,0.481113,322,181,0.562112,121,60,201
DS002_ResEncL_3D_TTA,WMH_0131,0.771952,2.2361,0.151557,0.830450,0.721154,0.771952,1445,1664,1.151557,1200,464,245
DS002_ResEncL_3D_TTA,WMH_0132,0.356571,30.1331,3.252772,0.936492,0.220207,0.356571,3968,16875,4.252772,3716,13159,252
DS002_ResEncL_3D_TTA,WMH_0133,0.850086,2.0000,0.191464,0.931466,0.781783,0.850086,7427,8849,1.191464,6918,1931,509
DS002_ResEncL_3D_TTA,WMH_0134,0.817369,2.2361,0.199937,0.899080,0.749273,0.817369,3151,3781,1.199937,2833,948,318
DS002_ResEncL_3D_TTA,WMH_0135,0.847807,2.0000,0.206328,0.935270,0.775303,0.847807,9640,11629,1.206328,9016,2613,624
DS002_ResEncL_3D_TTA,WMH_0136,0.892554,1.0000,0.021475,0.882970,0.902348,0.892554,6007,5878,0.978525,5304,574,703
DS002_ResEncL_3D_TTA,WMH_0137,0.910351,1.0000,0.085332,0.871510,0.952816,0.910351,20344,18608,0.914668,17730,878,2614
DS002_ResEncL_3D_TTA,WMH_0138,0.872040,1.0000,0.033031,0.857638,0.886934,0.872040,6055,5855,0.966969,5193,662,862
DS002_ResEncL_3D_TTA,WMH_0139,0.804191,3.1623,0.055182,0.826380,0.783163,0.804191,1486,1568,1.055182,1228,340,258
DS002_ResEncL_3D_TTA,WMH_0140,0.806334,4.3589,0.063679,0.780660,0.833753,0.806334,848,794,0.936321,662,132,186
DS002_ResEncL_3D_TTA,WMH_0141,0.597355,15.7190,0.527199,0.439893,0.930398,0.597355,1489,704,0.472801,655,49,834
DS002_ResEncL_3D_TTA,WMH_0142,0.833758,1.9167,0.013770,0.828017,0.839578,0.833758,7117,7019,0.986230,5893,1126,1224
DS002_ResEncL_3D_TTA,WMH_0143,0.470142,14.7648,0.608179,0.327177,0.835017,0.470142,758,297,0.391821,248,49,510
DS002_ResEncL_3D_TTA,WMH_0144,0.885753,1.3553,0.104752,0.839361,0.937574,0.885753,10396,9307,0.895248,8726,581,1670
DS002_ResEncL_3D_TTA,WMH_0145,0.720287,6.1512,0.406348,0.573944,0.966801,0.720287,70831,42049,0.593652,40653,1396,30178
DS002_ResEncL_3D_TTA,WMH_0146,0.650609,7.0472,0.363485,0.532365,0.836375,0.650609,2410,1534,0.636515,1283,251,1127
DS002_ResEncL_3D_TTA,WMH_0147,0.371134,21.9966,0.767695,0.228675,0.984375,0.371134,551,128,0.232305,126,2,425
DS002_ResEncL_3D_TTA,WMH_0148,0.883083,1.3553,0.034784,0.867724,0.898995,0.883083,18658,18009,0.965216,16190,1819,2468
DS002_ResEncL_3D_TTA,WMH_0149,0.763421,3.2919,0.301391,0.648377,0.928097,0.763421,5176,3616,0.698609,3356,260,1820
DS002_ResEncL_3D_TTA,WMH_0150,0.748869,6.6151,0.133260,0.698972,0.806438,0.748869,2724,2361,0.866740,1904,457,820
DS002_ResEncL_3D_TTA,WMH_0151,0.808454,3.1494,0.036316,0.793774,0.823688,0.808454,4626,4458,0.963684,3672,786,954
DS002_ResEncL_3D_TTA,WMH_0152,0.656198,12.0000,0.442728,0.510940,0.916859,0.656198,777,433,0.557272,397,36,380
DS002_ResEncL_3D_TTA,WMH_0153,0.705873,6.7219,0.373271,0.837615,0.609941,0.705873,5567,7645,1.373271,4663,2982,904
DS002_ResEncL_3D_TTA,WMH_0154,0.823490,4.0432,0.085374,0.858642,0.791103,0.823490,4287,4653,1.085374,3681,972,606
DS002_ResEncL_3D_TTA,WMH_0155,0.881577,1.3553,0.099219,0.837842,0.930129,0.881577,12679,11421,0.900781,10623,798,2056
DS002_ResEncL_3D_TTA,WMH_0156,0.915055,0.9583,0.065961,0.884876,0.947366,0.915055,19466,18182,0.934039,17225,957,2241
DS002_ResEncL_3D_TTA,WMH_0157,0.894376,1.3553,0.152797,0.826047,0.975029,0.894376,14228,12054,0.847203,11753,301,2475
DS002_ResEncL_3D_TTA,WMH_0158,0.882635,0.9583,0.007160,0.879475,0.885817,0.882635,8380,8320,0.992840,7370,950,1010
DS002_ResEncL_3D_TTA,WMH_0159,0.778991,3.1493,0.302075,0.896648,0.688630,0.778991,5012,6526,1.302075,4494,2032,518
DS002_ResEncL_3D_TTA,WMH_0160,0.633841,22.4562,0.411095,0.503556,0.855072,0.633841,703,414,0.588905,354,60,349
DS002_ResEncL_3D_TTA,WMH_0161,0.550379,12.7224,0.573416,0.392581,0.920290,0.550379,647,276,0.426584,254,22,393
DS002_ResEncL_3D_TTA,WMH_0162,0.651713,4.2534,0.414997,0.516484,0.882873,0.651713,1547,905,0.585003,799,106,748
DS002_ResEncL_3D_TTA,WMH_0163,0.838550,1.9167,0.017219,0.845769,0.831452,0.838550,5401,5494,1.017219,4568,926,833
DS002_ResEncL_3D_TTA,WMH_0164,0.810721,2.1429,0.241346,0.712889,0.939675,0.810721,5113,3879,0.758654,3645,234,1468
DS002_ResEncL_3D_TTA,WMH_0165,0.631307,6.0880,0.141274,0.675900,0.592233,0.631307,361,412,1.141274,244,168,117
DS002_ResEncL_3D_TTA,WMH_0166,0.778004,3.0000,0.302017,0.660519,0.946325,0.778004,1735,1211,0.697983,1146,65,589
DS002_ResEncL_3D_TTA,WMH_0167,0.704373,7.6905,0.420810,0.556169,0.960254,0.704373,1086,629,0.579190,604,25,482
DS002_ResEncL_3D_TTA,WMH_0168,0.904403,0.9583,0.028623,0.891460,0.917728,0.904403,14953,14525,0.971377,13330,1195,1623
DS002_ResEncL_3D_TTA,WMH_0169,0.751210,4.2643,0.288304,0.859499,0.667155,0.751210,7943,10233,1.288304,6827,3406,1116
DS002_ResEncL_3D_TTA,WMH_0170,0.653846,15.6990,0.080000,0.680000,0.629630,0.653846,625,675,1.080000,425,250,200
DS002_DS003_CNN_3D_TTA,WMH_0061,0.817335,1.3000,0.216942,0.905992,0.744482,0.817335,968,1178,1.216942,877,301,91
DS002_DS003_CNN_3D_TTA,WMH_0062,0.895332,1.2999,0.133406,0.955054,0.842641,0.895332,14662,16618,1.133406,14003,2615,659
DS002_DS003_CNN_3D_TTA,WMH_0063,0.835032,1.3001,0.298940,0.959844,0.738944,0.835032,1793,2329,1.298940,1721,608,72
DS002_DS003_CNN_3D_TTA,WMH_0064,0.647619,15.9807,0.320442,0.751381,0.569038,0.647619,181,239,1.320442,136,103,45
DS002_DS003_CNN_3D_TTA,WMH_0065,0.863768,1.3001,0.243497,0.968931,0.779198,0.863768,2768,3442,1.243497,2682,760,86
DS002_DS003_CNN_3D_TTA,WMH_0066,0.812092,1.7767,0.310213,0.938053,0.715955,0.812092,4181,5478,1.310213,3922,1556,259
DS002_DS003_CNN_3D_TTA,WMH_0067,0.730594,3.3998,0.207661,0.806452,0.667780,0.730594,496,599,1.207661,400,199,96
DS002_DS003_CNN_3D_TTA,WMH_0068,0.746544,1.8590,0.272251,0.848168,0.666667,0.746544,191,243,1.272251,162,81,29
DS002_DS003_CNN_3D_TTA,WMH_0069,0.759371,1.7766,0.289590,0.869324,0.674109,0.759371,1806,2329,1.289590,1570,759,236
DS002_DS003_CNN_3D_TTA,WMH_0070,0.795028,1.7766,0.422269,0.962886,0.677007,0.795028,6709,9542,1.422269,6460,3082,249
DS002_DS003_CNN_3D_TTA,WMH_0071,0.836265,1.2000,0.281165,0.953829,0.744501,0.836265,6281,8047,1.281165,5991,2056,290
DS002_DS003_CNN_3D_TTA,WMH_0072,0.880345,1.5472,0.140384,0.942138,0.826158,0.880345,13342,15215,1.140384,12570,2645,772
DS002_DS003_CNN_3D_TTA,WMH_0073,0.758824,6.9948,0.020378,0.751092,0.766716,0.758824,687,673,0.979622,516,157,171
DS002_DS003_CNN_3D_TTA,WMH_0074,0.926183,1.2000,0.053452,0.950936,0.902686,0.926183,11169,11766,1.053452,10621,1145,548
DS002_DS003_CNN_3D_TTA,WMH_0075,0.794264,3.2311,0.092127,0.757677,0.834563,0.794264,1791,1626,0.907873,1357,269,434
DS002_DS003_CNN_3D_TTA,WMH_0076,0.860358,1.5472,0.134279,0.918122,0.809432,0.860358,2748,3117,1.134279,2523,594,225
DS002_DS003_CNN_3D_TTA,WMH_0077,0.763889,2.9298,0.397503,0.915713,0.655249,0.763889,961,1343,1.397503,880,463,81
DS002_DS003_CNN_3D_TTA,WMH_0078,0.505632,12.5240,0.560360,0.363964,0.827869,0.505632,555,244,0.439640,202,42,353
DS002_DS003_CNN_3D_TTA,WMH_0079,0.773043,2.2924,0.151386,0.831557,0.722222,0.773043,938,1080,1.151386,780,300,158
DS002_DS003_CNN_3D_TTA,WMH_0080,0.674058,5.0335,0.064378,0.652361,0.697248,0.674058,233,218,0.935622,152,66,81
DS002_DS003_CNN_3D_TTA,WMH_0081,0.703774,3.3755,0.671079,0.939919,0.562462,0.703774,982,1641,1.671079,923,718,59
DS002_DS003_CNN_3D_TTA,WMH_0082,0.823002,2.2924,0.329141,0.958444,0.721100,0.823002,15425,20502,1.329141,14784,5718,641
DS002_DS003_CNN_3D_TTA,WMH_0083,0.892833,1.2000,0.099033,0.937043,0.852607,0.892833,8482,9322,1.099033,7948,1374,534
DS002_DS003_CNN_3D_TTA,WMH_0084,0.758585,3.0000,0.146315,0.814081,0.710173,0.758585,909,1042,1.146315,740,302,169
DS002_DS003_CNN_3D_TTA,WMH_0085,0.793738,1.2693,0.332140,0.925555,0.694788,0.793738,1397,1861,1.332140,1293,568,104
DS002_DS003_CNN_3D_TTA,WMH_0086,0.788669,1.5471,0.430601,0.958470,0.669977,0.788669,1830,2618,1.430601,1754,864,76
DS002_DS003_CNN_3D_TTA,WMH_0087,0.832857,1.2000,0.310345,0.962093,0.734229,0.832857,4089,5358,1.310345,3934,1424,155
DS002_DS003_CNN_3D_TTA,WMH_0088,0.891765,1.5472,0.155192,0.960963,0.831864,0.891765,14627,16897,1.155192,14056,2841,571
DS002_DS003_CNN_3D_TTA,WMH_0089,0.698765,3.0000,0.523364,0.881620,0.578732,0.698765,321,489,1.523364,283,206,38
DS002_DS003_CNN_3D_TTA,WMH_0090,0.687726,6.2132,0.071028,0.712150,0.664921,0.687726,535,573,1.071028,381,192,154
DS002_DS003_CNN_3D_TTA,WMH_0091,0.768205,3.0000,0.080043,0.737460,0.801624,0.768205,937,862,0.919957,691,171,246
DS002_DS003_CNN_3D_TTA,WMH_0092,0.884411,1.2000,0.134301,0.943799,0.832054,0.884411,3790,4299,1.134301,3577,722,213
DS002_DS003_CNN_3D_TTA,WMH_0093,0.668633,7.0953,0.174147,0.610413,0.739130,0.668633,557,460,0.825853,340,120,217
DS002_DS003_CNN_3D_TTA,WMH_0094,0.821261,2.9298,0.399761,0.985415,0.703988,0.821261,7542,10557,1.399761,7432,3125,110
DS002_DS003_CNN_3D_TTA,WMH_0095,0.873994,1.2000,0.197813,0.960437,0.801826,0.873994,3109,3724,1.197813,2986,738,123
DS002_DS003_CNN_3D_TTA,WMH_0096,0.842358,1.2000,0.160878,0.910116,0.783990,0.842358,3282,3810,1.160878,2987,823,295
DS002_DS003_CNN_3D_TTA,WMH_0097,0.743088,3.2311,0.284742,0.848882,0.660741,0.743088,2058,2644,1.284742,1747,897,311
DS002_DS003_CNN_3D_TTA,WMH_0098,0.786536,1.5472,0.224651,0.874884,0.714394,0.786536,2150,2633,1.224651,1881,752,269
DS002_DS003_CNN_3D_TTA,WMH_0099,0.827578,1.5472,0.348268,0.971688,0.720693,0.827578,3638,4905,1.348268,3535,1370,103
DS002_DS003_CNN_3D_TTA,WMH_0100,0.753726,2.2924,0.471930,0.931579,0.632896,0.753726,1710,2517,1.471930,1593,924,117
DS002_DS003_CNN_3D_TTA,WMH_0101,0.861311,1.5295,0.228597,0.959758,0.781182,0.861311,25744,31629,1.228597,24708,6921,1036
DS002_DS003_CNN_3D_TTA,WMH_0102,0.805492,1.1827,0.289140,0.921942,0.715161,0.805492,6713,8654,1.289140,6189,2465,524
DS002_DS003_CNN_3D_TTA,WMH_0103,0.729123,3.5178,0.179581,0.794591,0.673622,0.729123,3291,3882,1.179581,2615,1267,676
DS002_DS003_CNN_3D_TTA,WMH_0104,0.668497,3.8676,0.231240,0.745789,0.605721,0.668497,653,804,1.231240,487,317,166
DS002_DS003_CNN_3D_TTA,WMH_0105,0.614589,104.9935,0.795560,0.859060,0.478436,0.614589,1937,3478,1.795560,1664,1814,273
DS002_DS003_CNN_3D_TTA,WMH_0106,0.583080,78.4241,0.741342,0.799211,0.458963,0.583080,2281,3972,1.741342,1823,2149,458
DS002_DS003_CNN_3D_TTA,WMH_0107,0.828028,100.1263,0.301546,0.952872,0.732107,0.828028,5432,7070,1.301546,5176,1894,256
DS002_DS003_CNN_3D_TTA,WMH_0108,0.812221,1.1200,0.187451,0.888347,0.748113,0.812221,7586,9008,1.187451,6739,2269,847
DS002_DS003_CNN_3D_TTA,WMH_0109,0.636667,40.6242,0.288160,0.544936,0.765531,0.636667,701,499,0.711840,382,117,319
DS002_DS003_CNN_3D_TTA,WMH_0110,0.837404,1.5296,0.108051,0.882645,0.796574,0.837404,8061,8932,1.108051,7115,1817,946
DS002_DS003_CNN_3D_TTA,WMH_0111,0.824236,2.2361,0.170603,0.894544,0.764174,0.824236,2456,2875,1.170603,2197,678,259
DS002_DS003_CNN_3D_TTA,WMH_0112,0.909793,1.0000,0.033450,0.925009,0.895069,0.909793,8281,8558,1.033450,7660,898,621
DS002_DS003_CNN_3D_TTA,WMH_0113,0.920399,1.4142,0.089652,0.961657,0.882536,0.920399,26837,29243,1.089652,25808,3435,1029
DS002_DS003_CNN_3D_TTA,WMH_0114,0.645833,11.8404,0.870432,0.926910,0.495560,0.645833,301,563,1.870432,279,284,22
DS002_DS003_CNN_3D_TTA,WMH_0115,0.817143,3.0000,0.058824,0.841176,0.794444,0.817143,1020,1080,1.058824,858,222,162
DS002_DS003_CNN_3D_TTA,WMH_0116,0.738068,3.1623,0.099558,0.701327,0.778870,0.738068,452,407,0.900442,317,90,135
DS002_DS003_CNN_3D_TTA,WMH_0117,0.770783,3.3166,0.103008,0.731085,0.815041,0.770783,1097,984,0.896992,802,182,295
DS002_DS003_CNN_3D_TTA,WMH_0118,0.845413,1.4142,0.073766,0.876595,0.816374,0.845413,3606,3872,1.073766,3161,711,445
DS002_DS003_CNN_3D_TTA,WMH_0119,0.779298,16.1555,0.106516,0.820802,0.741789,0.779298,798,883,1.106516,655,228,143
DS002_DS003_CNN_3D_TTA,WMH_0120,0.828576,3.0000,0.248425,0.931496,0.746137,0.828576,2540,3171,1.248425,2366,805,174
DS002_DS003_CNN_3D_TTA,WMH_0121,0.857660,2.2361,0.190657,0.939419,0.788992,0.857660,6058,7213,1.190657,5691,1522,367
DS002_DS003_CNN_3D_TTA,WMH_0122,0.875356,1.4142,0.229331,0.975729,0.793707,0.875356,11660,14334,1.229331,11377,2957,283
DS002_DS003_CNN_3D_TTA,WMH_0123,0.892214,1.0000,0.151426,0.959766,0.833545,0.892214,4101,4722,1.151426,3936,786,165
DS002_DS003_CNN_3D_TTA,WMH_0124,0.838864,2.0000,0.151125,0.902251,0.783799,0.838864,1555,1790,1.151125,1403,387,152
DS002_DS003_CNN_3D_TTA,WMH_0125,0.887967,1.0000,0.111312,0.937387,0.843496,0.887967,7762,8626,1.111312,7276,1350,486
DS002_DS003_CNN_3D_TTA,WMH_0126,0.879973,1.0000,0.155019,0.948179,0.820920,0.879973,6754,7801,1.155019,6404,1397,350
DS002_DS003_CNN_3D_TTA,WMH_0127,0.850984,2.0000,0.301403,0.979229,0.752441,0.850984,9051,11779,1.301403,8863,2916,188
DS002_DS003_CNN_3D_TTA,WMH_0128,0.875074,1.0000,0.249334,0.984167,0.787753,0.875074,6758,8443,1.249334,6651,1792,107
DS002_DS003_CNN_3D_TTA,WMH_0129,0.696760,9.0000,0.681204,0.934077,0.555600,0.696760,2958,4973,1.681204,2763,2210,195
DS002_DS003_CNN_3D_TTA,WMH_0130,0.566787,12.1484,0.279503,0.487578,0.676724,0.566787,322,232,0.720497,157,75,165
DS002_DS003_CNN_3D_TTA,WMH_0131,0.777908,1.4142,0.368166,0.921107,0.673242,0.777908,1445,1977,1.368166,1331,646,114
DS002_DS003_CNN_3D_TTA,WMH_0132,0.345683,30.2159,3.645665,0.975806,0.210047,0.345683,3968,18434,4.645665,3872,14562,96
DS002_DS003_CNN_3D_TTA,WMH_0133,0.837844,2.2361,0.288407,0.958664,0.744069,0.837844,7427,9569,1.288407,7120,2449,307
DS002_DS003_CNN_3D_TTA,WMH_0134,0.819174,2.8284,0.297366,0.940971,0.725294,0.819174,3151,4088,1.297366,2965,1123,186
DS002_DS003_CNN_3D_TTA,WMH_0135,0.831177,2.2361,0.301141,0.956328,0.734992,0.831177,9640,12543,1.301141,9219,3324,421
DS002_DS003_CNN_3D_TTA,WMH_0136,0.902793,1.0000,0.085900,0.941568,0.867086,0.902793,6007,6523,1.085900,5656,867,351
DS002_DS003_CNN_3D_TTA,WMH_0137,0.919490,1.0000,0.017843,0.927694,0.911431,0.919490,20344,20707,1.017843,18873,1834,1471
DS002_DS003_CNN_3D_TTA,WMH_0138,0.886946,1.0000,0.096284,0.929645,0.847996,0.886946,6055,6638,1.096284,5629,1009,426
DS002_DS003_CNN_3D_TTA,WMH_0139,0.797480,3.0000,0.242934,0.894347,0.719545,0.797480,1486,1847,1.242934,1329,518,157
DS002_DS003_CNN_3D_TTA,WMH_0140,0.815019,4.2775,0.135613,0.870283,0.766355,0.815019,848,963,1.135613,738,225,110
DS002_DS003_CNN_3D_TTA,WMH_0141,0.693403,11.6938,0.208193,0.621222,0.784563,0.693403,1489,1179,0.791807,925,254,564
DS002_DS003_CNN_3D_TTA,WMH_0142,0.802456,1.9167,0.310946,0.927217,0.707288,0.802456,7117,9330,1.310946,6599,2731,518
DS002_DS003_CNN_3D_TTA,WMH_0143,0.651864,5.7340,0.336412,0.542216,0.817097,0.651864,758,503,0.663588,411,92,347
DS002_DS003_CNN_3D_TTA,WMH_0144,0.889543,0.9583,0.038861,0.872259,0.907526,0.889543,10396,9992,0.961139,9068,924,1328
DS002_DS003_CNN_3D_TTA,WMH_0145,0.793157,4.9611,0.314848,0.668295,0.975397,0.793157,70831,48530,0.685152,47336,1194,23495
DS002_DS003_CNN_3D_TTA,WMH_0146,0.749627,3.6867,0.052697,0.729876,0.770477,0.749627,2410,2283,0.947303,1759,524,651
DS002_DS003_CNN_3D_TTA,WMH_0147,0.696189,7.5793,0.237750,0.613430,0.804762,0.696189,551,420,0.762250,338,82,213
DS002_DS003_CNN_3D_TTA,WMH_0148,0.878671,1.3553,0.120377,0.931558,0.831468,0.878671,18658,20904,1.120377,17381,3523,1277
DS002_DS003_CNN_3D_TTA,WMH_0149,0.828620,2.1429,0.080178,0.795402,0.864734,0.828620,5176,4761,0.919822,4117,644,1059
DS002_DS003_CNN_3D_TTA,WMH_0150,0.550396,13.1636,0.379222,0.446035,0.718510,0.550396,2724,1691,0.620778,1215,476,1509
DS002_DS003_CNN_3D_TTA,WMH_0151,0.807410,1.9167,0.240380,0.904453,0.729174,0.807410,4626,5738,1.240380,4184,1554,442
DS002_DS003_CNN_3D_TTA,WMH_0152,0.784076,3.1493,0.092664,0.747748,0.824113,0.784076,777,705,0.907336,581,124,196
DS002_DS003_CNN_3D_TTA,WMH_0153,0.638392,7.1842,0.511586,0.801689,0.530362,0.638392,5567,8415,1.511586,4463,3952,1104
DS002_DS003_CNN_3D_TTA,WMH_0154,0.818283,3.2919,0.296478,0.939585,0.724721,0.818283,4287,5558,1.296478,4028,1530,259
DS002_DS003_CNN_3D_TTA,WMH_0155,0.896356,0.9583,0.056156,0.921524,0.872526,0.896356,12679,13391,1.056156,11684,1707,995
DS002_DS003_CNN_3D_TTA,WMH_0156,0.914008,0.9583,0.080140,0.950632,0.880101,0.914008,19466,21026,1.080140,18505,2521,961
DS002_DS003_CNN_3D_TTA,WMH_0157,0.923937,0.9583,0.023615,0.934847,0.913279,0.923937,14228,14564,1.023615,13301,1263,927
DS002_DS003_CNN_3D_TTA,WMH_0158,0.864879,1.3553,0.238783,0.968138,0.781524,0.864879,8380,10381,1.238783,8113,2268,267
DS002_DS003_CNN_3D_TTA,WMH_0159,0.721827,4.0432,0.664605,0.961692,0.577730,0.721827,5012,8343,1.664605,4820,3523,192
DS002_DS003_CNN_3D_TTA,WMH_0160,0.722741,13.5140,0.283073,0.825036,0.643016,0.722741,703,902,1.283073,580,322,123
DS002_DS003_CNN_3D_TTA,WMH_0161,0.764659,6.0000,0.075734,0.735703,0.795987,0.764659,647,598,0.924266,476,122,171
DS002_DS003_CNN_3D_TTA,WMH_0162,0.782669,3.0000,0.120233,0.735617,0.836150,0.782669,1547,1361,0.879767,1138,223,409
DS002_DS003_CNN_3D_TTA,WMH_0163,0.840179,1.9167,0.154786,0.905203,0.783870,0.840179,5401,6237,1.154786,4889,1348,512
DS002_DS003_CNN_3D_TTA,WMH_0164,0.870374,0.9583,0.061021,0.896929,0.845346,0.870374,5113,5425,1.061021,4586,839,527
DS002_DS003_CNN_3D_TTA,WMH_0165,0.510345,20.2884,1.213296,0.819945,0.370463,0.510345,361,799,2.213296,296,503,65
DS002_DS003_CNN_3D_TTA,WMH_0166,0.851134,0.9583,0.082997,0.886455,0.818520,0.851134,1735,1879,1.082997,1538,341,197
DS002_DS003_CNN_3D_TTA,WMH_0167,0.812718,4.1272,0.114180,0.859116,0.771074,0.812718,1086,1210,1.114180,933,277,153
DS002_DS003_CNN_3D_TTA,WMH_0168,0.908107,0.9583,0.113422,0.959607,0.861854,0.908107,14953,16649,1.113422,14349,2300,604
DS002_DS003_CNN_3D_TTA,WMH_0169,0.727121,4.4309,0.567040,0.933275,0.595565,0.727121,7943,12447,1.567040,7413,5034,530
DS002_DS003_CNN_3D_TTA,WMH_0170,0.510113,18.0255,1.243200,0.827200,0.368759,0.510113,625,1402,2.243200,517,885,108
DS002_DS003_ResEncL_3D_TTA,WMH_0061,0.829622,1.3000,0.134298,0.885331,0.780510,0.829622,968,1098,1.134298,857,241,111
DS002_DS003_ResEncL_3D_TTA,WMH_0062,0.906340,1.2999,0.006207,0.909153,0.903545,0.906340,14662,14753,1.006207,13330,1423,1332
DS002_DS003_ResEncL_3D_TTA,WMH_0063,0.855024,1.3001,0.181260,0.932515,0.789424,0.855024,1793,2118,1.181260,1672,446,121
DS002_DS003_ResEncL_3D_TTA,WMH_0064,0.569149,17.6374,0.077348,0.591160,0.548718,0.569149,181,195,1.077348,107,88,74
DS002_DS003_ResEncL_3D_TTA,WMH_0065,0.885695,1.3001,0.136561,0.946171,0.832486,0.885695,2768,3146,1.136561,2619,527,149
DS002_DS003_ResEncL_3D_TTA,WMH_0066,0.839973,1.3001,0.125329,0.892609,0.793199,0.839973,4181,4705,1.125329,3732,973,449
DS002_DS003_ResEncL_3D_TTA,WMH_0067,0.699313,3.2696,0.346774,0.820565,0.609281,0.699313,496,668,1.346774,407,261,89
DS002_DS003_ResEncL_3D_TTA,WMH_0068,0.751220,3.8555,0.146597,0.806283,0.703196,0.751220,191,219,1.146597,154,65,37
DS002_DS003_ResEncL_3D_TTA,WMH_0069,0.769943,2.4218,0.151717,0.828350,0.719231,0.769943,1806,2080,1.151717,1496,584,310
DS002_DS003_ResEncL_3D_TTA,WMH_0070,0.845650,1.3000,0.186317,0.924430,0.779244,0.845650,6709,7959,1.186317,6202,1757,507
DS002_DS003_ResEncL_3D_TTA,WMH_0071,0.844602,1.2000,0.248846,0.949690,0.760454,0.844602,6281,7844,1.248846,5965,1879,316
DS002_DS003_ResEncL_3D_TTA,WMH_0072,0.897445,1.2000,0.065358,0.926773,0.869917,0.897445,13342,14214,1.065358,12365,1849,977
DS002_DS003_ResEncL_3D_TTA,WMH_0073,0.751582,7.7266,0.160116,0.691412,0.823224,0.751582,687,577,0.839884,475,102,212
DS002_DS003_ResEncL_3D_TTA,WMH_0074,0.931097,1.2000,0.012803,0.937058,0.925212,0.931097,11169,11312,1.012803,10466,846,703
DS002_DS003_ResEncL_3D_TTA,WMH_0075,0.796903,3.3538,0.125070,0.747069,0.853861,0.796903,1791,1567,0.874930,1338,229,453
DS002_DS003_ResEncL_3D_TTA,WMH_0076,0.861915,1.5472,0.113537,0.910844,0.817974,0.861915,2748,3060,1.113537,2503,557,245
DS002_DS003_ResEncL_3D_TTA,WMH_0077,0.779812,2.5911,0.329865,0.908429,0.683099,0.779812,961,1278,1.329865,873,405,88
DS002_DS003_ResEncL_3D_TTA,WMH_0078,0.494975,29.6009,0.565766,0.354955,0.817427,0.494975,555,241,0.434234,197,44,358
DS002_DS003_ResEncL_3D_TTA,WMH_0079,0.789529,1.5472,0.036247,0.803838,0.775720,0.789529,938,972,1.036247,754,218,184
DS002_DS003_ResEncL_3D_TTA,WMH_0080,0.655670,5.7309,0.081545,0.682403,0.630952,0.655670,233,252,1.081545,159,93,74
DS002_DS003_ResEncL_3D_TTA,WMH_0081,0.784855,2.4000,0.286151,0.897149,0.697546,0.784855,982,1263,1.286151,881,382,101
DS002_DS003_ResEncL_3D_TTA,WMH_0082,0.855555,1.5472,0.181264,0.933096,0.789913,0.855555,15425,18221,1.181264,14393,3828,1032
DS002_DS003_ResEncL_3D_TTA,WMH_0083,0.903706,1.2000,0.005541,0.901203,0.906224,0.903706,8482,8435,0.994459,7644,791,838
DS002_DS003_ResEncL_3D_TTA,WMH_0084,0.775871,3.0000,0.115512,0.820682,0.735700,0.775871,909,1014,1.115512,746,268,163
DS002_DS003_ResEncL_3D_TTA,WMH_0085,0.785283,1.5471,0.373658,0.931997,0.678478,0.785283,1397,1919,1.373658,1302,617,95
DS002_DS003_ResEncL_3D_TTA,WMH_0086,0.808885,1.5471,0.361749,0.955191,0.701445,0.808885,1830,2492,1.361749,1748,744,82
DS002_DS003_ResEncL_3D_TTA,WMH_0087,0.856545,1.2000,0.221326,0.951333,0.778935,0.856545,4089,4994,1.221326,3890,1104,199
DS002_DS003_ResEncL_3D_TTA,WMH_0088,0.903508,1.5472,0.108566,0.952553,0.859266,0.903508,14627,16215,1.108566,13933,2282,694
DS002_DS003_ResEncL_3D_TTA,WMH_0089,0.705882,3.0000,0.277259,0.803738,0.629268,0.705882,321,410,1.277259,258,152,63
DS002_DS003_ResEncL_3D_TTA,WMH_0090,0.726585,5.6745,0.024299,0.717757,0.735632,0.726585,535,522,0.975701,384,138,151
DS002_DS003_ResEncL_3D_TTA,WMH_0091,0.764579,2.9298,0.023479,0.755603,0.773770,0.764579,937,915,0.976521,708,207,229
DS002_DS003_ResEncL_3D_TTA,WMH_0092,0.877960,1.2000,0.183641,0.958575,0.809853,0.877960,3790,4486,1.183641,3633,853,157
DS002_DS003_ResEncL_3D_TTA,WMH_0093,0.659229,7.2756,0.229803,0.583483,0.757576,0.659229,557,429,0.770197,325,104,232
DS002_DS003_ResEncL_3D_TTA,WMH_0094,0.860634,1.5472,0.278573,0.980509,0.766878,0.860634,7542,9643,1.278573,7395,2248,147
DS002_DS003_ResEncL_3D_TTA,WMH_0095,0.868310,1.2000,0.205532,0.957543,0.794290,0.868310,3109,3748,1.205532,2977,771,132
DS002_DS003_ResEncL_3D_TTA,WMH_0096,0.854666,1.2000,0.109080,0.901280,0.812637,0.854666,3282,3640,1.109080,2958,682,324
DS002_DS003_ResEncL_3D_TTA,WMH_0097,0.757967,3.1660,0.256560,0.855199,0.680588,0.757967,2058,2586,1.256560,1760,826,298
DS002_DS003_ResEncL_3D_TTA,WMH_0098,0.795932,2.5624,0.058140,0.819070,0.774066,0.795932,2150,2275,1.058140,1761,514,389
DS002_DS003_ResEncL_3D_TTA,WMH_0099,0.820476,1.9532,0.319681,0.951622,0.721100,0.820476,3638,4801,1.319681,3462,1339,176
DS002_DS003_ResEncL_3D_TTA,WMH_0100,0.776809,2.4000,0.279532,0.885380,0.691956,0.776809,1710,2188,1.279532,1514,674,196
DS002_DS003_ResEncL_3D_TTA,WMH_0101,0.867232,1.5295,0.172623,0.942084,0.803399,0.867232,25744,30188,1.172623,24253,5935,1491
DS002_DS003_ResEncL_3D_TTA,WMH_0102,0.801132,1.1827,0.315358,0.927454,0.705096,0.801132,6713,8830,1.315358,6226,2604,487
DS002_DS003_ResEncL_3D_TTA,WMH_0103,0.726900,3.4900,0.223033,0.807961,0.660621,0.726900,3291,4025,1.223033,2659,1366,632
DS002_DS003_ResEncL_3D_TTA,WMH_0104,0.674813,7.1262,0.255743,0.761103,0.606098,0.674813,653,820,1.255743,497,323,156
DS002_DS003_ResEncL_3D_TTA,WMH_0105,0.655431,104.2021,0.756840,0.903459,0.514252,0.655431,1937,3403,1.756840,1750,1653,187
DS002_DS003_ResEncL_3D_TTA,WMH_0106,0.503119,65.2029,1.163086,0.795704,0.367856,0.503119,2281,4934,2.163086,1815,3119,466
DS002_DS003_ResEncL_3D_TTA,WMH_0107,0.838331,2.0833,0.320692,0.972754,0.736549,0.838331,5432,7174,1.320692,5284,1890,148
DS002_DS003_ResEncL_3D_TTA,WMH_0108,0.813996,1.1827,0.109808,0.858687,0.773726,0.813996,7586,8419,1.109808,6514,1905,1072
DS002_DS003_ResEncL_3D_TTA,WMH_0109,0.699507,13.3881,0.262482,0.607703,0.823985,0.699507,701,517,0.737518,426,91,275
DS002_DS003_ResEncL_3D_TTA,WMH_0110,0.842149,1.5296,0.080263,0.875946,0.810864,0.842149,8061,8708,1.080263,7061,1647,1000
DS002_DS003_ResEncL_3D_TTA,WMH_0111,0.806565,2.2361,0.307003,0.930375,0.711838,0.806565,2456,3210,1.307003,2285,925,171
DS002_DS003_ResEncL_3D_TTA,WMH_0112,0.908651,1.0000,0.046371,0.929719,0.888517,0.908651,8281,8665,1.046371,7699,966,582
DS002_DS003_ResEncL_3D_TTA,WMH_0113,0.926876,1.0000,0.039833,0.945337,0.909123,0.926876,26837,27906,1.039833,25370,2536,1467
DS002_DS003_ResEncL_3D_TTA,WMH_0114,0.608150,12.0830,1.179402,0.966777,0.443598,0.608150,301,656,2.179402,291,365,10
DS002_DS003_ResEncL_3D_TTA,WMH_0115,0.793134,3.1623,0.227451,0.883333,0.719649,0.793134,1020,1252,1.227451,901,351,119
DS002_DS003_ResEncL_3D_TTA,WMH_0116,0.737513,3.1623,0.081858,0.767699,0.709611,0.737513,452,489,1.081858,347,142,105
DS002_DS003_ResEncL_3D_TTA,WMH_0117,0.766122,3.3166,0.120328,0.812215,0.724980,0.766122,1097,1229,1.120328,891,338,206
DS002_DS003_ResEncL_3D_TTA,WMH_0118,0.839114,1.4142,0.078758,0.872158,0.808483,0.839114,3606,3890,1.078758,3145,745,461
DS002_DS003_ResEncL_3D_TTA,WMH_0119,0.751489,13.0785,0.314536,0.869674,0.661582,0.751489,798,1049,1.314536,694,355,104
DS002_DS003_ResEncL_3D_TTA,WMH_0120,0.807809,2.9914,0.339370,0.944882,0.705467,0.807809,2540,3402,1.339370,2400,1002,140
DS002_DS003_ResEncL_3D_TTA,WMH_0121,0.859971,2.0000,0.167877,0.932156,0.798163,0.859971,6058,7075,1.167877,5647,1428,411
DS002_DS003_ResEncL_3D_TTA,WMH_0122,0.883636,1.4142,0.198542,0.971355,0.810447,0.883636,11660,13975,1.198542,11326,2649,334
DS002_DS003_ResEncL_3D_TTA,WMH_0123,0.881670,1.0000,0.184345,0.962936,0.813053,0.881670,4101,4857,1.184345,3949,908,152
DS002_DS003_ResEncL_3D_TTA,WMH_0124,0.834300,1.4142,0.107395,0.879100,0.793844,0.834300,1555,1722,1.107395,1367,355,188
DS002_DS003_ResEncL_3D_TTA,WMH_0125,0.876870,1.0000,0.170059,0.951430,0.813147,0.876870,7762,9082,1.170059,7385,1697,377
DS002_DS003_ResEncL_3D_TTA,WMH_0126,0.879453,1.0000,0.165383,0.952176,0.817050,0.879453,6754,7871,1.165383,6431,1440,323
DS002_DS003_ResEncL_3D_TTA,WMH_0127,0.856448,2.0000,0.272014,0.972931,0.764874,0.856448,9051,11513,1.272014,8806,2707,245
DS002_DS003_ResEncL_3D_TTA,WMH_0128,0.883165,1.0000,0.217668,0.979284,0.804229,0.883165,6758,8229,1.217668,6618,1611,140
DS002_DS003_ResEncL_3D_TTA,WMH_0129,0.714267,6.8912,0.599391,0.928330,0.580427,0.714267,2958,4731,1.599391,2746,1985,212
DS002_DS003_ResEncL_3D_TTA,WMH_0130,0.603066,10.4738,0.177019,0.549689,0.667925,0.603066,322,265,0.822981,177,88,145
DS002_DS003_ResEncL_3D_TTA,WMH_0131,0.731640,3.0000,0.506574,0.916955,0.608636,0.731640,1445,2177,1.506574,1325,852,120
DS002_DS003_ResEncL_3D_TTA,WMH_0132,0.353636,29.8831,3.507308,0.973790,0.216047,0.353636,3968,17885,4.507308,3864,14021,104
DS002_DS003_ResEncL_3D_TTA,WMH_0133,0.844274,2.0000,0.241955,0.946412,0.762034,0.844274,7427,9224,1.241955,7029,2195,398
DS002_DS003_ResEncL_3D_TTA,WMH_0134,0.798440,3.0000,0.360203,0.942241,0.692720,0.798440,3151,4286,1.360203,2969,1317,182
DS002_DS003_ResEncL_3D_TTA,WMH_0135,0.845377,2.0000,0.229357,0.942324,0.766518,0.845377,9640,11851,1.229357,9084,2767,556
DS002_DS003_ResEncL_3D_TTA,WMH_0136,0.900619,1.0000,0.072083,0.933078,0.870342,0.900619,6007,6440,1.072083,5605,835,402
DS002_DS003_ResEncL_3D_TTA,WMH_0137,0.917703,1.0000,0.000295,0.917568,0.917839,0.917703,20344,20338,0.999705,18667,1671,1677
DS002_DS003_ResEncL_3D_TTA,WMH_0138,0.882858,1.0000,0.117589,0.934765,0.836412,0.882858,6055,6767,1.117589,5660,1107,395
DS002_DS003_ResEncL_3D_TTA,WMH_0139,0.763350,3.0000,0.394347,0.913863,0.655405,0.763350,1486,2072,1.394347,1358,714,128
DS002_DS003_ResEncL_3D_TTA,WMH_0140,0.806923,3.7804,0.180425,0.879717,0.745255,0.806923,848,1001,1.180425,746,255,102
DS002_DS003_ResEncL_3D_TTA,WMH_0141,0.712548,8.2883,0.233714,0.629281,0.821209,0.712548,1489,1141,0.766286,937,204,552
DS002_DS003_ResEncL_3D_TTA,WMH_0142,0.831549,1.9167,0.112828,0.878460,0.789394,0.831549,7117,7920,1.112828,6252,1668,865
DS002_DS003_ResEncL_3D_TTA,WMH_0143,0.672091,6.4244,0.378628,0.544855,0.876858,0.672091,758,471,0.621372,413,58,345
DS002_DS003_ResEncL_3D_TTA,WMH_0144,0.892843,0.9583,0.016160,0.885629,0.900176,0.892843,10396,10228,0.983840,9207,1021,1189
DS002_DS003_ResEncL_3D_TTA,WMH_0145,0.790080,5.2314,0.320651,0.663410,0.976537,0.790080,70831,48119,0.679349,46990,1129,23841
DS002_DS003_ResEncL_3D_TTA,WMH_0146,0.753089,5.9755,0.085892,0.720747,0.788470,0.753089,2410,2203,0.914108,1737,466,673
DS002_DS003_ResEncL_3D_TTA,WMH_0147,0.582949,16.2294,0.424682,0.459165,0.798107,0.582949,551,317,0.575318,253,64,298
DS002_DS003_ResEncL_3D_TTA,WMH_0148,0.894851,0.9583,0.026369,0.883053,0.906969,0.894851,18658,18166,0.973631,16476,1690,2182
DS002_DS003_ResEncL_3D_TTA,WMH_0149,0.799654,3.1493,0.213099,0.714451,0.907930,0.799654,5176,4073,0.786901,3698,375,1478
DS002_DS003_ResEncL_3D_TTA,WMH_0150,0.792895,6.0761,0.004772,0.794787,0.791012,0.792895,2724,2737,1.004772,2165,572,559
DS002_DS003_ResEncL_3D_TTA,WMH_0151,0.828779,2.1429,0.025076,0.839170,0.818642,0.828779,4626,4742,1.025076,3882,860,744
DS002_DS003_ResEncL_3D_TTA,WMH_0152,0.760948,6.9762,0.207207,0.682111,0.860390,0.760948,777,616,0.792793,530,86,247
DS002_DS003_ResEncL_3D_TTA,WMH_0153,0.668809,6.2987,0.012215,0.672894,0.664774,0.668809,5567,5635,1.012215,3746,1889,1821
DS002_DS003_ResEncL_3D_TTA,WMH_0154,0.850699,3.0000,0.068579,0.879869,0.823401,0.850699,4287,4581,1.068579,3772,809,515
DS002_DS003_ResEncL_3D_TTA,WMH_0155,0.889540,1.3553,0.060730,0.862529,0.918297,0.889540,12679,11909,0.939270,10936,973,1743
DS002_DS003_ResEncL_3D_TTA,WMH_0156,0.919805,0.9583,0.021884,0.909740,0.930095,0.919805,19466,19040,0.978116,17709,1331,1757
DS002_DS003_ResEncL_3D_TTA,WMH_0157,0.915057,0.9583,0.093618,0.872224,0.962314,0.915057,14228,12896,0.906382,12410,486,1818
DS002_DS003_ResEncL_3D_TTA,WMH_0158,0.889156,0.9583,0.081026,0.925179,0.855834,0.889156,8380,9059,1.081026,7753,1306,627
DS002_DS003_ResEncL_3D_TTA,WMH_0159,0.784494,3.1493,0.383081,0.934757,0.675851,0.784494,5012,6932,1.383081,4685,2247,327
DS002_DS003_ResEncL_3D_TTA,WMH_0160,0.765043,8.9210,0.014225,0.759602,0.770563,0.765043,703,693,0.985775,534,159,169
DS002_DS003_ResEncL_3D_TTA,WMH_0161,0.762368,5.6533,0.094281,0.726430,0.802048,0.762368,647,586,0.905719,470,116,177
DS002_DS003_ResEncL_3D_TTA,WMH_0162,0.753592,3.2919,0.200388,0.678087,0.848019,0.753592,1547,1237,0.799612,1049,188,498
DS002_DS003_ResEncL_3D_TTA,WMH_0163,0.853377,1.3553,0.036845,0.869098,0.838214,0.853377,5401,5600,1.036845,4694,906,707
DS002_DS003_ResEncL_3D_TTA,WMH_0164,0.855039,1.3553,0.113827,0.806376,0.909954,0.855039,5113,4531,0.886173,4123,408,990
DS002_DS003_ResEncL_3D_TTA,WMH_0165,0.572534,11.2458,0.864266,0.819945,0.439822,0.572534,361,673,1.864266,296,377,65
DS002_DS003_ResEncL_3D_TTA,WMH_0166,0.858771,0.9583,0.077810,0.825360,0.895000,0.858771,1735,1600,0.922190,1432,168,303
DS002_DS003_ResEncL_3D_TTA,WMH_0167,0.823586,3.0259,0.079190,0.790976,0.859000,0.823586,1086,1000,0.920810,859,141,227
DS002_DS003_ResEncL_3D_TTA,WMH_0168,0.916230,0.9583,0.018190,0.924564,0.908046,0.916230,14953,15225,1.018190,13825,1400,1128
DS002_DS003_ResEncL_3D_TTA,WMH_0169,0.764497,3.9159,0.377313,0.908725,0.659781,0.764497,7943,10940,1.377313,7218,3722,725
DS002_DS003_ResEncL_3D_TTA,WMH_0170,0.618464,14.0419,0.478400,0.766400,0.518398,0.618464,625,924,1.478400,479,445,146
DS002_DS003_ResEncL_25D_TTA_chfix,WMH_0061,0.794349,3.0000,0.025826,0.784091,0.804878,0.794349,968,943,0.974174,759,184,209
DS002_DS003_ResEncL_25D_TTA_chfix,WMH_0062,0.865222,1.7765,0.092211,0.825331,0.909166,0.865222,14662,13310,0.907789,12101,1209,2561
DS002_DS003_ResEncL_25D_TTA_chfix,WMH_0063,0.856272,1.3001,0.196319,0.940323,0.786014,0.856272,1793,2145,1.196319,1686,459,107
DS002_DS003_ResEncL_25D_TTA_chfix,WMH_0064,0.533679,30.7466,0.132597,0.569061,0.502439,0.533679,181,205,1.132597,103,102,78
DS002_DS003_ResEncL_25D_TTA_chfix,WMH_0065,0.887715,1.3001,0.120303,0.941113,0.840052,0.887715,2768,3101,1.120303,2605,496,163
DS002_DS003_ResEncL_25D_TTA_chfix,WMH_0066,0.838717,1.3001,0.184406,0.916049,0.773425,0.838717,4181,4952,1.184406,3830,1122,351
DS002_DS003_ResEncL_25D_TTA_chfix,WMH_0067,0.741935,9.4463,0.000000,0.741935,0.741935,0.741935,496,496,1.000000,368,128,128
DS002_DS003_ResEncL_25D_TTA_chfix,WMH_0068,0.747826,6.1635,0.193717,0.675393,0.837662,0.747826,191,154,0.806283,129,25,62
DS002_DS003_ResEncL_25D_TTA_chfix,WMH_0069,0.775109,3.0000,0.028793,0.786268,0.764263,0.775109,1806,1858,1.028793,1420,438,386
DS002_DS003_ResEncL_25D_TTA_chfix,WMH_0070,0.811951,1.7766,0.324788,0.943807,0.712421,0.811951,6709,8888,1.324788,6332,2556,377
DS002_DS003_ResEncL_25D_TTA_chfix,WMH_0071,0.852418,1.2000,0.175927,0.927400,0.788654,0.852418,6281,7386,1.175927,5825,1561,456
DS002_DS003_ResEncL_25D_TTA_chfix,WMH_0072,0.882723,1.5472,0.023385,0.893045,0.872638,0.882723,13342,13654,1.023385,11915,1739,1427
DS002_DS003_ResEncL_25D_TTA_chfix,WMH_0073,0.676871,13.6790,0.288210,0.579330,0.813906,0.676871,687,489,0.711790,398,91,289
DS002_DS003_ResEncL_25D_TTA_chfix,WMH_0074,0.925759,1.2000,0.058376,0.898738,0.954455,0.925759,11169,10517,0.941624,10038,479,1131
DS002_DS003_ResEncL_25D_TTA_chfix,WMH_0075,0.756516,4.1933,0.243439,0.664433,0.878229,0.756516,1791,1355,0.756561,1190,165,601
DS002_DS003_ResEncL_25D_TTA_chfix,WMH_0076,0.866549,1.2000,0.066958,0.895560,0.839359,0.866549,2748,2932,1.066958,2461,471,287
DS002_DS003_ResEncL_25D_TTA_chfix,WMH_0077,0.727011,5.0816,0.172737,0.789802,0.673469,0.727011,961,1127,1.172737,759,368,202
DS002_DS003_ResEncL_25D_TTA_chfix,WMH_0078,0.345221,34.1250,0.736937,0.218018,0.828767,0.345221,555,146,0.263063,121,25,434
DS002_DS003_ResEncL_25D_TTA_chfix,WMH_0079,0.787298,1.5472,0.115139,0.832623,0.746654,0.787298,938,1046,1.115139,781,265,157
DS002_DS003_ResEncL_25D_TTA_chfix,WMH_0080,0.653763,6.3269,0.004292,0.652361,0.655172,0.653763,233,232,0.995708,152,80,81
DS002_DS003_ResEncL_25D_TTA_chfix,WMH_0081,0.738663,3.2311,0.178208,0.804481,0.682800,0.738663,982,1157,1.178208,790,367,192
DS002_DS003_ResEncL_25D_TTA_chfix,WMH_0082,0.855038,1.5472,0.164538,0.925381,0.794633,0.855038,15425,17963,1.164538,14274,3689,1151
DS002_DS003_ResEncL_25D_TTA_chfix,WMH_0083,0.887378,1.2000,0.040321,0.869488,0.906020,0.887378,8482,8140,0.959679,7375,765,1107
DS002_DS003_ResEncL_25D_TTA_chfix,WMH_0084,0.771291,3.0000,0.053905,0.792079,0.751566,0.771291,909,958,1.053905,720,238,189
DS002_DS003_ResEncL_25D_TTA_chfix,WMH_0085,0.802967,1.5471,0.219757,0.891195,0.730634,0.802967,1397,1704,1.219757,1245,459,152
DS002_DS003_ResEncL_25D_TTA_chfix,WMH_0086,0.813469,2.2923,0.255738,0.917486,0.730635,0.813469,1830,2298,1.255738,1679,619,151
DS002_DS003_ResEncL_25D_TTA_chfix,WMH_0087,0.857757,1.2000,0.161164,0.926877,0.798231,0.857757,4089,4748,1.161164,3790,958,299
DS002_DS003_ResEncL_25D_TTA_chfix,WMH_0088,0.861808,2.4000,0.065632,0.833527,0.892076,0.861808,14627,13667,0.934368,12192,1475,2435
DS002_DS003_ResEncL_25D_TTA_chfix,WMH_0089,0.725637,3.0000,0.077882,0.753894,0.699422,0.725637,321,346,1.077882,242,104,79
DS002_DS003_ResEncL_25D_TTA_chfix,WMH_0090,0.661841,8.9977,0.192523,0.598131,0.740741,0.661841,535,432,0.807477,320,112,215
DS002_DS003_ResEncL_25D_TTA_chfix,WMH_0091,0.722760,3.9064,0.236926,0.637140,0.834965,0.722760,937,715,0.763074,597,118,340
DS002_DS003_ResEncL_25D_TTA_chfix,WMH_0092,0.871543,1.2000,0.146438,0.935356,0.815880,0.871543,3790,4345,1.146438,3545,800,245
DS002_DS003_ResEncL_25D_TTA_chfix,WMH_0093,0.643678,6.0672,0.125673,0.603232,0.689938,0.643678,557,487,0.874327,336,151,221
DS002_DS003_ResEncL_25D_TTA_chfix,WMH_0094,0.876211,1.2000,0.203262,0.965261,0.802204,0.876211,7542,9075,1.203262,7280,1795,262
DS002_DS003_ResEncL_25D_TTA_chfix,WMH_0095,0.860877,1.2000,0.214860,0.953361,0.784750,0.860877,3109,3777,1.214860,2964,813,145
DS002_DS003_ResEncL_25D_TTA_chfix,WMH_0096,0.847794,1.9532,0.057892,0.872334,0.824597,0.847794,3282,3472,1.057892,2863,609,419
DS002_DS003_ResEncL_25D_TTA_chfix,WMH_0097,0.721169,4.3099,0.228863,0.803693,0.654013,0.721169,2058,2529,1.228863,1654,875,404
DS002_DS003_ResEncL_25D_TTA_chfix,WMH_0098,0.800090,3.0000,0.063721,0.825581,0.776126,0.800090,2150,2287,1.063721,1775,512,375
DS002_DS003_ResEncL_25D_TTA_chfix,WMH_0099,0.842662,1.5472,0.288620,0.964266,0.748294,0.842662,3638,4688,1.288620,3508,1180,130
DS002_DS003_ResEncL_25D_TTA_chfix,WMH_0100,0.758073,2.9298,0.354386,0.892398,0.658895,0.758073,1710,2316,1.354386,1526,790,184
DS002_DS003_ResEncL_25D_TTA_chfix,WMH_0101,0.877931,1.1827,0.110395,0.926391,0.834290,0.877931,25744,28586,1.110395,23849,4737,1895
DS002_DS003_ResEncL_25D_TTA_chfix,WMH_0102,0.775589,2.0833,0.389692,0.926709,0.666845,0.775589,6713,9329,1.389692,6221,3108,492
DS002_DS003_ResEncL_25D_TTA_chfix,WMH_0103,0.679341,3.1754,0.397448,0.814342,0.582735,0.679341,3291,4599,1.397448,2680,1919,611
DS002_DS003_ResEncL_25D_TTA_chfix,WMH_0104,0.632140,10.8822,0.010720,0.635528,0.628788,0.632140,653,660,1.010720,415,245,238
DS002_DS003_ResEncL_25D_TTA_chfix,WMH_0105,0.721949,5.4382,0.098090,0.757357,0.689704,0.721949,1937,2127,1.098090,1467,660,470
DS002_DS003_ResEncL_25D_TTA_chfix,WMH_0106,0.759785,3.4769,0.207804,0.680842,0.859436,0.759785,2281,1807,0.792196,1553,254,728
DS002_DS003_ResEncL_25D_TTA_chfix,WMH_0107,0.866239,1.1200,0.208947,0.956738,0.791381,0.866239,5432,6567,1.208947,5197,1370,235
DS002_DS003_ResEncL_25D_TTA_chfix,WMH_0108,0.809763,1.1827,0.149486,0.870287,0.757110,0.809763,7586,8720,1.149486,6602,2118,984
DS002_DS003_ResEncL_25D_TTA_chfix,WMH_0109,0.607735,49.2191,0.450785,0.470756,0.857143,0.607735,701,385,0.549215,330,55,371
DS002_DS003_ResEncL_25D_TTA_chfix,WMH_0110,0.833686,3.0000,0.006947,0.830790,0.836602,0.833686,8061,8005,0.993053,6697,1308,1364
DS002_DS003_ResEncL_25D_TTA_chfix,WMH_0111,0.782727,3.0000,0.385586,0.933632,0.673817,0.782727,2456,3403,1.385586,2293,1110,163
DS002_DS003_ResEncL_25D_TTA_chfix,WMH_0112,0.912078,1.0000,0.015336,0.905084,0.919181,0.912078,8281,8154,0.984664,7495,659,786
DS002_DS003_ResEncL_25D_TTA_chfix,WMH_0113,0.907998,2.0000,0.040951,0.889406,0.927384,0.907998,26837,25738,0.959049,23869,1869,2968
DS002_DS003_ResEncL_25D_TTA_chfix,WMH_0114,0.663426,11.9164,0.734219,0.906977,0.522989,0.663426,301,522,1.734219,273,249,28
DS002_DS003_ResEncL_25D_TTA_chfix,WMH_0115,0.781818,7.2215,0.049020,0.800980,0.763551,0.781818,1020,1070,1.049020,817,253,203
DS002_DS003_ResEncL_25D_TTA_chfix,WMH_0116,0.715123,8.2315,0.112832,0.674779,0.760599,0.715123,452,401,0.887168,305,96,147
DS002_DS003_ResEncL_25D_TTA_chfix,WMH_0117,0.739151,5.0000,0.088423,0.706472,0.775000,0.739151,1097,1000,0.911577,775,225,322
DS002_DS003_ResEncL_25D_TTA_chfix,WMH_0118,0.827372,2.0000,0.139767,0.885191,0.776642,0.827372,3606,4110,1.139767,3192,918,414
DS002_DS003_ResEncL_25D_TTA_chfix,WMH_0119,0.744010,15.0297,0.012531,0.739348,0.748731,0.744010,798,788,0.987469,590,198,208
DS002_DS003_ResEncL_25D_TTA_chfix,WMH_0120,0.798147,3.0000,0.379528,0.949606,0.688356,0.798147,2540,3504,1.379528,2412,1092,128
DS002_DS003_ResEncL_25D_TTA_chfix,WMH_0121,0.866397,1.4142,0.043579,0.885276,0.848307,0.866397,6058,6322,1.043579,5363,959,695
DS002_DS003_ResEncL_25D_TTA_chfix,WMH_0122,0.901257,1.0000,0.107976,0.949914,0.857342,0.901257,11660,12919,1.107976,11076,1843,584
DS002_DS003_ResEncL_25D_TTA_chfix,WMH_0123,0.891360,1.0000,0.105340,0.938308,0.848886,0.891360,4101,4533,1.105340,3848,685,253
DS002_DS003_ResEncL_25D_TTA_chfix,WMH_0124,0.796372,3.0000,0.198071,0.875241,0.730542,0.796372,1555,1863,1.198071,1361,502,194
DS002_DS003_ResEncL_25D_TTA_chfix,WMH_0125,0.873489,1.0000,0.067251,0.902860,0.845968,0.873489,7762,8284,1.067251,7008,1276,754
DS002_DS003_ResEncL_25D_TTA_chfix,WMH_0126,0.882908,1.0000,0.118004,0.935001,0.836313,0.882908,6754,7551,1.118004,6315,1236,439
DS002_DS003_ResEncL_25D_TTA_chfix,WMH_0127,0.879320,1.4142,0.157883,0.948735,0.819370,0.879320,9051,10480,1.157883,8587,1893,464
DS002_DS003_ResEncL_25D_TTA_chfix,WMH_0128,0.899076,1.0000,0.162622,0.972181,0.836197,0.899076,6758,7857,1.162622,6570,1287,188
DS002_DS003_ResEncL_25D_TTA_chfix,WMH_0129,0.750841,3.0000,0.412441,0.905680,0.641216,0.750841,2958,4178,1.412441,2679,1499,279
DS002_DS003_ResEncL_25D_TTA_chfix,WMH_0130,0.670659,13.6015,0.074534,0.695652,0.647399,0.670659,322,346,1.074534,224,122,98
DS002_DS003_ResEncL_25D_TTA_chfix,WMH_0131,0.766718,2.0000,0.245675,0.860900,0.691111,0.766718,1445,1800,1.245675,1244,556,201
DS002_DS003_ResEncL_25D_TTA_chfix,WMH_0132,0.466212,28.7924,1.990423,0.930192,0.311057,0.466212,3968,11866,2.990423,3691,8175,277
DS002_DS003_ResEncL_25D_TTA_chfix,WMH_0133,0.822246,2.8284,0.295139,0.943584,0.728558,0.822246,7427,9619,1.295139,7008,2611,419
DS002_DS003_ResEncL_25D_TTA_chfix,WMH_0134,0.802366,3.0000,0.360520,0.947001,0.696058,0.802366,3151,4287,1.360520,2984,1303,167
DS002_DS003_ResEncL_25D_TTA_chfix,WMH_0135,0.864588,1.4142,0.145747,0.927593,0.809597,0.864588,9640,11045,1.145747,8942,2103,698
DS002_DS003_ResEncL_25D_TTA_chfix,WMH_0136,0.903753,1.0000,0.058265,0.930082,0.878874,0.903753,6007,6357,1.058265,5587,770,420
DS002_DS003_ResEncL_25D_TTA_chfix,WMH_0137,0.865204,2.2361,0.151543,0.799646,0.942471,0.865204,20344,17261,0.848457,16268,993,4076
DS002_DS003_ResEncL_25D_TTA_chfix,WMH_0138,0.879048,1.0000,0.136912,0.939224,0.826119,0.879048,6055,6884,1.136912,5687,1197,368
DS002_DS003_ResEncL_25D_TTA_chfix,WMH_0139,0.773350,3.0000,0.161507,0.835801,0.719583,0.773350,1486,1726,1.161507,1242,484,244
DS002_DS003_ResEncL_25D_TTA_chfix,WMH_0140,0.812065,3.0000,0.033019,0.825472,0.799087,0.812065,848,876,1.033019,700,176,148
DS002_DS003_ResEncL_25D_TTA_chfix,WMH_0141,0.685481,12.1318,0.357958,0.562794,0.876569,0.685481,1489,956,0.642042,838,118,651
DS002_DS003_ResEncL_25D_TTA_chfix,WMH_0142,0.833509,1.9167,0.002389,0.832514,0.834507,0.833509,7117,7100,0.997611,5925,1175,1192
DS002_DS003_ResEncL_25D_TTA_chfix,WMH_0143,0.647523,25.7294,0.162269,0.594987,0.710236,0.647523,758,635,0.837731,451,184,307
DS002_DS003_ResEncL_25D_TTA_chfix,WMH_0144,0.880643,1.3553,0.107734,0.833205,0.933808,0.880643,10396,9276,0.892266,8662,614,1734
DS002_DS003_ResEncL_25D_TTA_chfix,WMH_0145,0.698651,5.2314,0.440655,0.544719,0.973851,0.698651,70831,39619,0.559345,38583,1036,32248
DS002_DS003_ResEncL_25D_TTA_chfix,WMH_0146,0.760362,3.5600,0.027801,0.749793,0.771233,0.760362,2410,2343,0.972199,1807,536,603
DS002_DS003_ResEncL_25D_TTA_chfix,WMH_0147,0.557895,26.8329,0.275862,0.480944,0.664160,0.557895,551,399,0.724138,265,134,286
DS002_DS003_ResEncL_25D_TTA_chfix,WMH_0148,0.883084,1.3553,0.122789,0.828867,0.944889,0.883084,18658,16367,0.877211,15465,902,3193
DS002_DS003_ResEncL_25D_TTA_chfix,WMH_0149,0.776335,3.4063,0.318199,0.652821,0.957495,0.776335,5176,3529,0.681801,3379,150,1797
DS002_DS003_ResEncL_25D_TTA_chfix,WMH_0150,0.582104,9.9914,0.457416,0.448972,0.827470,0.582104,2724,1478,0.542584,1223,255,1501
DS002_DS003_ResEncL_25D_TTA_chfix,WMH_0151,0.837508,2.1429,0.015132,0.831172,0.843942,0.837508,4626,4556,0.984868,3845,711,781
DS002_DS003_ResEncL_25D_TTA_chfix,WMH_0152,0.736988,5.8102,0.145431,0.683398,0.799699,0.736988,777,664,0.854569,531,133,246
DS002_DS003_ResEncL_25D_TTA_chfix,WMH_0153,0.738207,5.6533,0.022094,0.746362,0.730228,0.738207,5567,5690,1.022094,4155,1535,1412
DS002_DS003_ResEncL_25D_TTA_chfix,WMH_0154,0.849685,3.0305,0.073245,0.880802,0.820691,0.849685,4287,4601,1.073245,3776,825,511
DS002_DS003_ResEncL_25D_TTA_chfix,WMH_0155,0.888807,0.9583,0.074927,0.855509,0.924802,0.888807,12679,11729,0.925073,10847,882,1832
DS002_DS003_ResEncL_25D_TTA_chfix,WMH_0156,0.909798,0.9583,0.084147,0.871520,0.951593,0.909798,19466,17828,0.915853,16965,863,2501
DS002_DS003_ResEncL_25D_TTA_chfix,WMH_0157,0.881984,1.3553,0.163340,0.809952,0.968078,0.881984,14228,11904,0.836660,11524,380,2704
DS002_DS003_ResEncL_25D_TTA_chfix,WMH_0158,0.898785,0.9583,0.033771,0.913962,0.884105,0.898785,8380,8663,1.033771,7659,1004,721
DS002_DS003_ResEncL_25D_TTA_chfix,WMH_0159,0.800864,3.1493,0.308460,0.924381,0.706465,0.800864,5012,6558,1.308460,4633,1925,379
DS002_DS003_ResEncL_25D_TTA_chfix,WMH_0160,0.726132,20.6598,0.041252,0.741110,0.711749,0.726132,703,732,1.041252,521,211,182
DS002_DS003_ResEncL_25D_TTA_chfix,WMH_0161,0.709141,16.2985,0.326121,0.593509,0.880734,0.709141,647,436,0.673879,384,52,263
DS002_DS003_ResEncL_25D_TTA_chfix,WMH_0162,0.732045,4.8866,0.226891,0.648998,0.839465,0.732045,1547,1196,0.773109,1004,192,543
DS002_DS003_ResEncL_25D_TTA_chfix,WMH_0163,0.860602,1.3553,0.011665,0.855582,0.865680,0.860602,5401,5338,0.988335,4621,717,780
DS002_DS003_ResEncL_25D_TTA_chfix,WMH_0164,0.828933,2.8750,0.207315,0.743008,0.937330,0.828933,5113,4053,0.792685,3799,254,1314
DS002_DS003_ResEncL_25D_TTA_chfix,WMH_0165,0.445448,24.0638,1.681440,0.819945,0.305785,0.445448,361,968,2.681440,296,672,65
DS002_DS003_ResEncL_25D_TTA_chfix,WMH_0166,0.853484,0.9583,0.064553,0.825937,0.882933,0.853484,1735,1623,0.935447,1433,190,302
DS002_DS003_ResEncL_25D_TTA_chfix,WMH_0167,0.795349,3.2919,0.020258,0.787293,0.803571,0.795349,1086,1064,0.979742,855,209,231
DS002_DS003_ResEncL_25D_TTA_chfix,WMH_0168,0.903097,0.9583,0.058650,0.876613,0.931230,0.903097,14953,14076,0.941350,13108,968,1845
DS002_DS003_ResEncL_25D_TTA_chfix,WMH_0169,0.798394,3.2919,0.038273,0.813672,0.783679,0.798394,7943,8247,1.038273,6463,1784,1480
DS002_DS003_ResEncL_25D_TTA_chfix,WMH_0170,0.548955,18.2470,0.908800,0.798400,0.418273,0.548955,625,1193,1.908800,499,694,126
DS002_DS003_CNN_25D_TTA_chfix,WMH_0061,0.769725,3.0000,0.252066,0.866736,0.692244,0.769725,968,1212,1.252066,839,373,129
DS002_DS003_CNN_25D_TTA_chfix,WMH_0062,0.852896,1.7765,0.100464,0.810053,0.900523,0.852896,14662,13189,0.899536,11877,1312,2785
DS002_DS003_CNN_25D_TTA_chfix,WMH_0063,0.802071,2.7487,0.369771,0.950363,0.693811,0.802071,1793,2456,1.369771,1704,752,89
DS002_DS003_CNN_25D_TTA_chfix,WMH_0064,0.459596,34.0652,0.187845,0.502762,0.423256,0.459596,181,215,1.187845,91,124,90
DS002_DS003_CNN_25D_TTA_chfix,WMH_0065,0.846680,3.0000,0.219653,0.939668,0.770438,0.846680,2768,3376,1.219653,2601,775,167
DS002_DS003_CNN_25D_TTA_chfix,WMH_0066,0.803175,2.7487,0.199474,0.883282,0.736391,0.803175,4181,5015,1.199474,3693,1322,488
DS002_DS003_CNN_25D_TTA_chfix,WMH_0067,0.661859,3.9700,0.516129,0.832661,0.549202,0.661859,496,752,1.516129,413,339,83
DS002_DS003_CNN_25D_TTA_chfix,WMH_0068,0.707838,11.1267,0.204188,0.780105,0.647826,0.707838,191,230,1.204188,149,81,42
DS002_DS003_CNN_25D_TTA_chfix,WMH_0069,0.755241,3.0000,0.033776,0.767996,0.742903,0.755241,1806,1867,1.033776,1387,480,419
DS002_DS003_CNN_25D_TTA_chfix,WMH_0070,0.794307,3.0000,0.366672,0.939931,0.687752,0.794307,6709,9169,1.366672,6306,2863,403
DS002_DS003_CNN_25D_TTA_chfix,WMH_0071,0.845277,1.9532,0.150613,0.908932,0.789954,0.845277,6281,7227,1.150613,5709,1518,572
DS002_DS003_CNN_25D_TTA_chfix,WMH_0072,0.854202,2.2924,0.004872,0.852121,0.856293,0.854202,13342,13277,0.995128,11369,1908,1973
DS002_DS003_CNN_25D_TTA_chfix,WMH_0073,0.595420,11.7029,0.288210,0.681223,0.528814,0.595420,687,885,1.288210,468,417,219
DS002_DS003_CNN_25D_TTA_chfix,WMH_0074,0.902892,1.2000,0.111738,0.852449,0.959681,0.902892,11169,9921,0.888262,9521,400,1648
DS002_DS003_CNN_25D_TTA_chfix,WMH_0075,0.709939,7.3201,0.073143,0.683975,0.737952,0.709939,1791,1660,0.926857,1225,435,566
DS002_DS003_CNN_25D_TTA_chfix,WMH_0076,0.808192,2.9298,0.238719,0.904658,0.730317,0.808192,2748,3404,1.238719,2486,918,262
DS002_DS003_CNN_25D_TTA_chfix,WMH_0077,0.523572,32.8773,1.553590,0.930281,0.364303,0.523572,961,2454,2.553590,894,1560,67
DS002_DS003_CNN_25D_TTA_chfix,WMH_0078,0.423559,19.6662,0.562162,0.304505,0.695473,0.423559,555,243,0.437838,169,74,386
DS002_DS003_CNN_25D_TTA_chfix,WMH_0079,0.659182,4.6638,0.658849,0.876333,0.528278,0.659182,938,1556,1.658849,822,734,116
DS002_DS003_CNN_25D_TTA_chfix,WMH_0080,0.559140,15.5244,0.004292,0.557940,0.560345,0.559140,233,232,0.995708,130,102,103
DS002_DS003_CNN_25D_TTA_chfix,WMH_0081,0.670356,6.5356,0.576375,0.863544,0.547804,0.670356,982,1548,1.576375,848,700,134
DS002_DS003_CNN_25D_TTA_chfix,WMH_0082,0.837558,3.0000,0.150729,0.900681,0.782704,0.837558,15425,17750,1.150729,13893,3857,1532
DS002_DS003_CNN_25D_TTA_chfix,WMH_0083,0.865138,1.2000,0.036548,0.849328,0.881547,0.865138,8482,8172,0.963452,7204,968,1278
DS002_DS003_CNN_25D_TTA_chfix,WMH_0084,0.727640,3.1550,0.177118,0.792079,0.672897,0.727640,909,1070,1.177118,720,350,189
DS002_DS003_CNN_25D_TTA_chfix,WMH_0085,0.697411,3.3393,0.654259,0.925555,0.559498,0.697411,1397,2311,1.654259,1293,1018,104
DS002_DS003_CNN_25D_TTA_chfix,WMH_0086,0.715389,10.6607,0.616940,0.936066,0.578912,0.715389,1830,2959,1.616940,1713,1246,117
DS002_DS003_CNN_25D_TTA_chfix,WMH_0087,0.820765,2.5815,0.237711,0.918317,0.741948,0.820765,4089,5061,1.237711,3755,1306,334
DS002_DS003_CNN_25D_TTA_chfix,WMH_0088,0.852450,2.5911,0.052095,0.830245,0.875875,0.852450,14627,13865,0.947905,12144,1721,2483
DS002_DS003_CNN_25D_TTA_chfix,WMH_0089,0.629885,9.4348,0.710280,0.853583,0.499089,0.629885,321,549,1.710280,274,275,47
DS002_DS003_CNN_25D_TTA_chfix,WMH_0090,0.643275,6.7082,0.082243,0.616822,0.672098,0.643275,535,491,0.917757,330,161,205
DS002_DS003_CNN_25D_TTA_chfix,WMH_0091,0.724045,4.8830,0.016009,0.718250,0.729935,0.724045,937,922,0.983991,673,249,264
DS002_DS003_CNN_25D_TTA_chfix,WMH_0092,0.837504,1.9532,0.245646,0.940369,0.754925,0.837504,3790,4721,1.245646,3564,1157,226
DS002_DS003_CNN_25D_TTA_chfix,WMH_0093,0.621683,16.8988,0.368043,0.736086,0.538058,0.621683,557,762,1.368043,410,352,147
DS002_DS003_CNN_25D_TTA_chfix,WMH_0094,0.860945,1.9532,0.221692,0.956378,0.782830,0.860945,7542,9214,1.221692,7213,2001,329
DS002_DS003_CNN_25D_TTA_chfix,WMH_0095,0.824118,3.0000,0.315214,0.954005,0.725361,0.824118,3109,4089,1.315214,2966,1123,143
DS002_DS003_CNN_25D_TTA_chfix,WMH_0096,0.832840,3.0000,0.059720,0.857709,0.809373,0.832840,3282,3478,1.059720,2815,663,467
DS002_DS003_CNN_25D_TTA_chfix,WMH_0097,0.672296,6.2073,0.416910,0.812439,0.573388,0.672296,2058,2916,1.416910,1672,1244,386
DS002_DS003_CNN_25D_TTA_chfix,WMH_0098,0.730817,9.0962,0.266977,0.828372,0.653818,0.730817,2150,2724,1.266977,1781,943,369
DS002_DS003_CNN_25D_TTA_chfix,WMH_0099,0.808594,2.2924,0.392523,0.967290,0.694631,0.808594,3638,5066,1.392523,3519,1547,119
DS002_DS003_CNN_25D_TTA_chfix,WMH_0100,0.664286,4.1991,0.783626,0.924561,0.518361,0.664286,1710,3050,1.783626,1581,1469,129
DS002_DS003_CNN_25D_TTA_chfix,WMH_0101,0.865238,2.2400,0.056596,0.889722,0.842065,0.865238,25744,27201,1.056596,22905,4296,2839
DS002_DS003_CNN_25D_TTA_chfix,WMH_0102,0.714734,3.8203,0.609415,0.932519,0.579415,0.714734,6713,10804,1.609415,6260,4544,453
DS002_DS003_CNN_25D_TTA_chfix,WMH_0103,0.589647,7.9218,0.735339,0.806442,0.464717,0.589647,3291,5711,1.735339,2654,3057,637
DS002_DS003_CNN_25D_TTA_chfix,WMH_0104,0.554390,11.3061,0.773354,0.768760,0.433506,0.554390,653,1158,1.773354,502,656,151
DS002_DS003_CNN_25D_TTA_chfix,WMH_0105,0.618642,20.1601,0.730511,0.844605,0.488067,0.618642,1937,3352,1.730511,1636,1716,301
DS002_DS003_CNN_25D_TTA_chfix,WMH_0106,0.727445,6.7847,0.153441,0.671635,0.793371,0.727445,2281,1931,0.846559,1532,399,749
DS002_DS003_CNN_25D_TTA_chfix,WMH_0107,0.773959,20.0954,0.479934,0.959683,0.648464,0.773959,5432,8039,1.479934,5213,2826,219
DS002_DS003_CNN_25D_TTA_chfix,WMH_0108,0.732373,12.7093,0.387424,0.874242,0.630119,0.732373,7586,10525,1.387424,6632,3893,954
DS002_DS003_CNN_25D_TTA_chfix,WMH_0109,0.390922,29.1632,0.051355,0.380884,0.401504,0.390922,701,665,0.948645,267,398,434
DS002_DS003_CNN_25D_TTA_chfix,WMH_0110,0.819592,3.4384,0.038829,0.835504,0.804275,0.819592,8061,8374,1.038829,6735,1639,1326
DS002_DS003_CNN_25D_TTA_chfix,WMH_0111,0.754424,3.1623,0.415717,0.911238,0.643658,0.754424,2456,3477,1.415717,2238,1239,218
DS002_DS003_CNN_25D_TTA_chfix,WMH_0112,0.895334,1.0000,0.043231,0.875981,0.915562,0.895334,8281,7923,0.956769,7254,669,1027
DS002_DS003_CNN_25D_TTA_chfix,WMH_0113,0.881332,2.2361,0.117562,0.829526,0.940039,0.881332,26837,23682,0.882438,22262,1420,4575
DS002_DS003_CNN_25D_TTA_chfix,WMH_0114,0.540084,27.2487,1.149502,0.850498,0.395672,0.540084,301,647,2.149502,256,391,45
DS002_DS003_CNN_25D_TTA_chfix,WMH_0115,0.759368,10.5163,0.171569,0.824510,0.703766,0.759368,1020,1195,1.171569,841,354,179
DS002_DS003_CNN_25D_TTA_chfix,WMH_0116,0.671642,17.6280,0.221239,0.597345,0.767045,0.671642,452,352,0.778761,270,82,182
DS002_DS003_CNN_25D_TTA_chfix,WMH_0117,0.668174,15.6525,0.016408,0.673655,0.662780,0.668174,1097,1115,1.016408,739,376,358
DS002_DS003_CNN_25D_TTA_chfix,WMH_0118,0.816116,3.0000,0.099279,0.856628,0.779263,0.816116,3606,3964,1.099279,3089,875,517
DS002_DS003_CNN_25D_TTA_chfix,WMH_0119,0.741250,16.8137,0.005013,0.743108,0.739401,0.741250,798,802,1.005013,593,209,205
DS002_DS003_CNN_25D_TTA_chfix,WMH_0120,0.744862,3.1623,0.547638,0.948819,0.613076,0.744862,2540,3931,1.547638,2410,1521,130
DS002_DS003_CNN_25D_TTA_chfix,WMH_0121,0.846710,2.0000,0.079399,0.880324,0.815568,0.846710,6058,6539,1.079399,5333,1206,725
DS002_DS003_CNN_25D_TTA_chfix,WMH_0122,0.881195,3.0000,0.107890,0.928731,0.838288,0.881195,11660,12918,1.107890,10829,2089,831
DS002_DS003_CNN_25D_TTA_chfix,WMH_0123,0.862443,3.0000,0.089978,0.901244,0.826846,0.862443,4101,4470,1.089978,3696,774,405
DS002_DS003_CNN_25D_TTA_chfix,WMH_0124,0.773689,3.6056,0.219293,0.858521,0.704114,0.773689,1555,1896,1.219293,1335,561,220
DS002_DS003_CNN_25D_TTA_chfix,WMH_0125,0.860725,1.4142,0.003607,0.862278,0.859178,0.860725,7762,7790,1.003607,6693,1097,1069
DS002_DS003_CNN_25D_TTA_chfix,WMH_0126,0.868951,2.0000,0.074326,0.901244,0.838892,0.868951,6754,7256,1.074326,6087,1169,667
DS002_DS003_CNN_25D_TTA_chfix,WMH_0127,0.881811,2.0000,0.064081,0.910065,0.855259,0.881811,9051,9631,1.064081,8237,1394,814
DS002_DS003_CNN_25D_TTA_chfix,WMH_0128,0.890884,1.4142,0.142646,0.954424,0.835276,0.890884,6758,7722,1.142646,6450,1272,308
DS002_DS003_CNN_25D_TTA_chfix,WMH_0129,0.679511,15.1658,0.597025,0.882353,0.552498,0.679511,2958,4724,1.597025,2610,2114,348
DS002_DS003_CNN_25D_TTA_chfix,WMH_0130,0.546900,16.5013,0.046584,0.534161,0.560261,0.546900,322,307,0.953416,172,135,150
DS002_DS003_CNN_25D_TTA_chfix,WMH_0131,0.711922,14.1153,0.426298,0.863668,0.605531,0.711922,1445,2061,1.426298,1248,813,197
DS002_DS003_CNN_25D_TTA_chfix,WMH_0132,0.382060,30.4138,2.877268,0.931704,0.240299,0.382060,3968,15385,3.877268,3697,11688,271
DS002_DS003_CNN_25D_TTA_chfix,WMH_0133,0.814581,3.0000,0.260536,0.920695,0.730399,0.814581,7427,9362,1.260536,6838,2524,589
DS002_DS003_CNN_25D_TTA_chfix,WMH_0134,0.781337,3.1623,0.387496,0.932720,0.672232,0.781337,3151,4372,1.387496,2939,1433,212
DS002_DS003_CNN_25D_TTA_chfix,WMH_0135,0.842135,2.2361,0.174378,0.915560,0.779613,0.842135,9640,11321,1.174378,8826,2495,814
DS002_DS003_CNN_25D_TTA_chfix,WMH_0136,0.882511,1.0000,0.041785,0.900949,0.864813,0.882511,6007,6258,1.041785,5412,846,595
DS002_DS003_CNN_25D_TTA_chfix,WMH_0137,0.826277,2.8284,0.231862,0.730486,0.950982,0.826277,20344,15627,0.768138,14861,766,5483
DS002_DS003_CNN_25D_TTA_chfix,WMH_0138,0.857337,1.4142,0.182164,0.935425,0.791282,0.857337,6055,7158,1.182164,5664,1494,391
DS002_DS003_CNN_25D_TTA_chfix,WMH_0139,0.731463,11.7515,0.423284,0.886272,0.622695,0.731463,1486,2115,1.423284,1317,798,169
DS002_DS003_CNN_25D_TTA_chfix,WMH_0140,0.728691,6.3678,0.116745,0.771226,0.690602,0.728691,848,947,1.116745,654,293,194
DS002_DS003_CNN_25D_TTA_chfix,WMH_0141,0.654588,15.0087,0.294829,0.558093,0.791429,0.654588,1489,1050,0.705171,831,219,658
DS002_DS003_CNN_25D_TTA_chfix,WMH_0142,0.818443,2.8750,0.089223,0.781931,0.858531,0.818443,7117,6482,0.910777,5565,917,1552
DS002_DS003_CNN_25D_TTA_chfix,WMH_0143,0.554126,28.8038,0.257256,0.482850,0.650089,0.554126,758,563,0.742744,366,197,392
DS002_DS003_CNN_25D_TTA_chfix,WMH_0144,0.843530,2.8750,0.180935,0.767218,0.936700,0.843530,10396,8515,0.819065,7976,539,2420
DS002_DS003_CNN_25D_TTA_chfix,WMH_0145,0.631430,4.9611,0.519391,0.467451,0.972622,0.631430,70831,34042,0.480609,33110,932,37721
DS002_DS003_CNN_25D_TTA_chfix,WMH_0146,0.733127,4.0432,0.118672,0.689627,0.782486,0.733127,2410,2124,0.881328,1662,462,748
DS002_DS003_CNN_25D_TTA_chfix,WMH_0147,0.475225,27.5103,0.388385,0.382940,0.626113,0.475225,551,337,0.611615,211,126,340
DS002_DS003_CNN_25D_TTA_chfix,WMH_0148,0.829335,2.1429,0.246061,0.727302,0.964669,0.829335,18658,14067,0.753939,13570,497,5088
DS002_DS003_CNN_25D_TTA_chfix,WMH_0149,0.780288,3.1493,0.255410,0.680641,0.914115,0.780288,5176,3854,0.744590,3523,331,1653
DS002_DS003_CNN_25D_TTA_chfix,WMH_0150,0.760337,6.6359,0.037812,0.745962,0.775277,0.760337,2724,2621,0.962188,2032,589,692
DS002_DS003_CNN_25D_TTA_chfix,WMH_0151,0.825501,2.1429,0.026589,0.814527,0.836775,0.825501,4626,4503,0.973411,3768,735,858
DS002_DS003_CNN_25D_TTA_chfix,WMH_0152,0.710227,12.0000,0.187902,0.643501,0.792393,0.710227,777,631,0.812098,500,131,277
DS002_DS003_CNN_25D_TTA_chfix,WMH_0153,0.721045,6.3712,0.213221,0.797916,0.657684,0.721045,5567,6754,1.213221,4442,2312,1125
DS002_DS003_CNN_25D_TTA_chfix,WMH_0154,0.815708,4.8866,0.108701,0.860042,0.775721,0.815708,4287,4753,1.108701,3687,1066,600
DS002_DS003_CNN_25D_TTA_chfix,WMH_0155,0.852700,1.9167,0.189132,0.772064,0.952145,0.852700,12679,10281,0.810868,9789,492,2890
DS002_DS003_CNN_25D_TTA_chfix,WMH_0156,0.888443,1.3553,0.132693,0.829498,0.956406,0.888443,19466,16883,0.867307,16147,736,3319
DS002_DS003_CNN_25D_TTA_chfix,WMH_0157,0.873160,1.3553,0.170860,0.798566,0.963126,0.873160,14228,11797,0.829140,11362,435,2866
DS002_DS003_CNN_25D_TTA_chfix,WMH_0158,0.884856,0.9583,0.034010,0.869809,0.900432,0.884856,8380,8095,0.965990,7289,806,1091
DS002_DS003_CNN_25D_TTA_chfix,WMH_0159,0.793149,4.1552,0.271548,0.900838,0.708458,0.793149,5012,6373,1.271548,4515,1858,497
DS002_DS003_CNN_25D_TTA_chfix,WMH_0160,0.613059,21.9195,0.352774,0.721195,0.533123,0.613059,703,951,1.352774,507,444,196
DS002_DS003_CNN_25D_TTA_chfix,WMH_0161,0.705234,18.0257,0.316847,0.593509,0.868778,0.705234,647,442,0.683153,384,58,263
DS002_DS003_CNN_25D_TTA_chfix,WMH_0162,0.646854,7.5459,0.325145,0.541694,0.802682,0.646854,1547,1044,0.674855,838,206,709
DS002_DS003_CNN_25D_TTA_chfix,WMH_0163,0.843512,1.3553,0.032401,0.829846,0.857635,0.843512,5401,5226,0.967599,4482,744,919
DS002_DS003_CNN_25D_TTA_chfix,WMH_0164,0.811705,2.8750,0.215529,0.724232,0.923211,0.811705,5113,4011,0.784471,3703,308,1410
DS002_DS003_CNN_25D_TTA_chfix,WMH_0165,0.370275,25.5197,2.324100,0.800554,0.240833,0.370275,361,1200,3.324100,289,911,72
DS002_DS003_CNN_25D_TTA_chfix,WMH_0166,0.798981,3.0000,0.190778,0.722767,0.893162,0.798981,1735,1404,0.809222,1254,150,481
DS002_DS003_CNN_25D_TTA_chfix,WMH_0167,0.737494,9.4385,0.080110,0.767035,0.710145,0.737494,1086,1173,1.080110,833,340,253
DS002_DS003_CNN_25D_TTA_chfix,WMH_0168,0.880247,1.3553,0.137564,0.819702,0.950450,0.880247,14953,12896,0.862436,12257,639,2696
DS002_DS003_CNN_25D_TTA_chfix,WMH_0169,0.775042,3.5600,0.046834,0.756893,0.794083,0.775042,7943,7571,0.953166,6012,1559,1931
DS002_DS003_CNN_25D_TTA_chfix,WMH_0170,0.439072,22.1429,1.308800,0.726400,0.314622,0.439072,625,1443,2.308800,454,989,171
DS002_final,WMH_0061,0.797210,2.6001,0.074380,0.767562,0.829241,0.797210,968,896,0.925620,743,153,225
DS002_final,WMH_0062,0.898745,1.2999,0.022371,0.888692,0.909027,0.898745,14662,14334,0.977629,13030,1304,1632
DS002_final,WMH_0063,0.855916,1.3001,0.078639,0.889571,0.824716,0.855916,1793,1934,1.078639,1595,339,198
DS002_final,WMH_0064,0.560440,16.3222,0.011050,0.563536,0.557377,0.560440,181,183,1.011050,102,81,79
DS002_final,WMH_0065,0.890906,1.3001,0.029986,0.904263,0.877938,0.890906,2768,2851,1.029986,2503,348,265
DS002_final,WMH_0066,0.815527,1.7767,0.138005,0.871801,0.766078,0.815527,4181,4758,1.138005,3645,1113,536
DS002_final,WMH_0067,0.708583,8.8933,0.020161,0.715726,0.701581,0.708583,496,506,1.020161,355,151,141
DS002_final,WMH_0068,0.734694,6.4465,0.204188,0.659686,0.828947,0.734694,191,152,0.795812,126,26,65
DS002_final,WMH_0069,0.760616,3.0000,0.086379,0.793466,0.730377,0.760616,1806,1962,1.086379,1433,529,373
DS002_final,WMH_0070,0.849818,1.3000,0.052467,0.872112,0.828636,0.849818,6709,7061,1.052467,5851,1210,858
DS002_final,WMH_0071,0.869592,1.2000,0.035185,0.884891,0.854814,0.869592,6281,6502,1.035185,5558,944,723
DS002_final,WMH_0072,0.890210,1.2000,0.008619,0.886374,0.894080,0.890210,13342,13227,0.991381,11826,1401,1516
DS002_final,WMH_0073,0.653414,16.2334,0.315866,0.550218,0.804255,0.653414,687,470,0.684134,378,92,309
DS002_final,WMH_0074,0.929584,1.2000,0.073686,0.895335,0.966557,0.929584,11169,10346,0.926314,10000,346,1169
DS002_final,WMH_0075,0.784091,3.2311,0.132887,0.731993,0.844173,0.784091,1791,1553,0.867113,1311,242,480
DS002_final,WMH_0076,0.865529,1.9532,0.016376,0.858443,0.872734,0.865529,2748,2703,0.983624,2359,344,389
DS002_final,WMH_0077,0.805156,3.0000,0.098855,0.844953,0.768939,0.805156,961,1056,1.098855,812,244,149
DS002_final,WMH_0078,0.469833,29.7530,0.596396,0.329730,0.816964,0.469833,555,224,0.403604,183,41,372
DS002_final,WMH_0079,0.771568,3.0000,0.035181,0.757996,0.785635,0.771568,938,905,0.964819,711,194,227
DS002_final,WMH_0080,0.657778,5.5656,0.068670,0.635193,0.682028,0.657778,233,217,0.931330,148,69,85
DS002_final,WMH_0081,0.778420,3.3755,0.114053,0.822811,0.738574,0.778420,982,1094,1.114053,808,286,174
DS002_final,WMH_0082,0.869467,1.5472,0.074036,0.901653,0.839500,0.869467,15425,16567,1.074036,13908,2659,1517
DS002_final,WMH_0083,0.901006,1.2000,0.030182,0.887409,0.915026,0.901006,8482,8226,0.969818,7527,699,955
DS002_final,WMH_0084,0.760697,3.2311,0.082508,0.792079,0.731707,0.760697,909,984,1.082508,720,264,189
DS002_final,WMH_0085,0.785690,1.9532,0.141016,0.841088,0.737139,0.785690,1397,1594,1.141016,1175,419,222
DS002_final,WMH_0086,0.824802,1.1999,0.273770,0.937705,0.736165,0.824802,1830,2331,1.273770,1716,615,114
DS002_final,WMH_0087,0.855026,1.2000,0.145757,0.917339,0.800640,0.855026,4089,4685,1.145757,3751,934,338
DS002_final,WMH_0088,0.908150,1.5472,0.034252,0.923703,0.893112,0.908150,14627,15128,1.034252,13511,1617,1116
DS002_final,WMH_0089,0.708978,3.7498,0.012461,0.713396,0.704615,0.708978,321,325,1.012461,229,96,92
DS002_final,WMH_0090,0.671273,7.4655,0.106542,0.635514,0.711297,0.671273,535,478,0.893458,340,138,195
DS002_final,WMH_0091,0.728065,3.0000,0.041622,0.712914,0.743875,0.728065,937,898,0.958378,668,230,269
DS002_final,WMH_0092,0.884323,1.2000,0.016359,0.891557,0.877207,0.884323,3790,3852,1.016359,3379,473,411
DS002_final,WMH_0093,0.598655,8.0137,0.398564,0.479354,0.797015,0.598655,557,335,0.601436,267,68,290
DS002_final,WMH_0094,0.874233,1.5472,0.203394,0.963140,0.800353,0.874233,7542,9076,1.203394,7264,1812,278
DS002_final,WMH_0095,0.889432,1.2000,0.106143,0.936636,0.846758,0.889432,3109,3439,1.106143,2912,527,197
DS002_final,WMH_0096,0.857017,1.2000,0.067032,0.885740,0.830097,0.857017,3282,3502,1.067032,2907,595,375
DS002_final,WMH_0097,0.753536,3.3755,0.267250,0.854227,0.674080,0.753536,2058,2608,1.267250,1758,850,300
DS002_final,WMH_0098,0.779051,3.0000,0.069302,0.806047,0.753806,0.779051,2150,2299,1.069302,1733,566,417
DS002_final,WMH_0099,0.846514,1.5472,0.172347,0.919461,0.784291,0.846514,3638,4265,1.172347,3345,920,293
DS002_final,WMH_0100,0.776704,2.0041,0.239181,0.869591,0.701746,0.776704,1710,2119,1.239181,1487,632,223
DS002_final,WMH_0101,0.875888,1.5295,0.121970,0.929304,0.828279,0.875888,25744,28884,1.121970,23924,4960,1820
DS002_final,WMH_0102,0.794476,3.0000,0.189632,0.869805,0.731155,0.794476,6713,7986,1.189632,5839,2147,874
DS002_final,WMH_0103,0.717175,4.0203,0.046794,0.700395,0.734778,0.717175,3291,3137,0.953206,2305,832,986
DS002_final,WMH_0104,0.651037,10.3650,0.301685,0.552833,0.791667,0.651037,653,456,0.698315,361,95,292
DS002_final,WMH_0105,0.759813,3.2247,0.119257,0.714507,0.811254,0.759813,1937,1706,0.880743,1384,322,553
DS002_final,WMH_0106,0.768314,3.1757,0.234546,0.678211,0.886025,0.768314,2281,1746,0.765454,1547,199,734
DS002_final,WMH_0107,0.888712,1.1200,0.077688,0.923233,0.856679,0.888712,5432,5854,1.077688,5015,839,417
DS002_final,WMH_0108,0.807939,1.1827,0.007514,0.804904,0.810997,0.807939,7586,7529,0.992486,6106,1423,1480
DS002_final,WMH_0109,0.500000,50.8189,0.590585,0.352354,0.860627,0.500000,701,287,0.409415,247,40,454
DS002_final,WMH_0110,0.842809,1.5296,0.034115,0.828433,0.857693,0.842809,8061,7786,0.965885,6678,1108,1383
DS002_final,WMH_0111,0.826194,2.2361,0.157573,0.891287,0.769961,0.826194,2456,2843,1.157573,2189,654,267
DS002_final,WMH_0112,0.902709,1.0000,0.056273,0.877310,0.929623,0.902709,8281,7815,0.943727,7265,550,1016
DS002_final,WMH_0113,0.930422,1.0000,0.008309,0.926557,0.934320,0.930422,26837,26614,0.991691,24866,1748,1971
DS002_final,WMH_0114,0.689564,9.9487,0.514950,0.867110,0.572368,0.689564,301,456,1.514950,261,195,40
DS002_final,WMH_0115,0.781443,8.5088,0.098039,0.743137,0.823913,0.781443,1020,920,0.901961,758,162,262
DS002_final,WMH_0116,0.679341,6.1644,0.254425,0.592920,0.795252,0.679341,452,337,0.745575,268,69,184
DS002_final,WMH_0117,0.754473,3.6056,0.165907,0.691887,0.829508,0.754473,1097,915,0.834093,759,156,338
DS002_final,WMH_0118,0.813378,2.2361,0.026622,0.802551,0.824501,0.813378,3606,3510,0.973378,2894,616,712
DS002_final,WMH_0119,0.761129,16.5529,0.001253,0.760652,0.761606,0.761129,798,797,0.998747,607,190,191
DS002_final,WMH_0120,0.811832,2.2361,0.209449,0.896850,0.741536,0.811832,2540,3072,1.209449,2278,794,262
DS002_final,WMH_0121,0.859392,2.0000,0.096732,0.900957,0.821493,0.859392,6058,6644,1.096732,5458,1186,600
DS002_final,WMH_0122,0.888561,1.4142,0.148714,0.954631,0.831044,0.888561,11660,13394,1.148714,11131,2263,529
DS002_final,WMH_0123,0.899252,1.0000,0.054865,0.923921,0.875867,0.899252,4101,4326,1.054865,3789,537,312
DS002_final,WMH_0124,0.820303,2.2361,0.039871,0.836656,0.804576,0.820303,1555,1617,1.039871,1301,316,254
DS002_final,WMH_0125,0.883322,1.0000,0.026153,0.894872,0.872065,0.883322,7762,7965,1.026153,6946,1019,816
DS002_final,WMH_0126,0.894047,1.0000,0.066775,0.923897,0.866065,0.894047,6754,7205,1.066775,6240,965,514
DS002_final,WMH_0127,0.871834,1.4142,0.193901,0.956358,0.801036,0.871834,9051,10806,1.193901,8656,2150,395
DS002_final,WMH_0128,0.895815,1.0000,0.160255,0.967594,0.833950,0.895815,6758,7841,1.160255,6539,1302,219
DS002_final,WMH_0129,0.732929,3.3166,0.510142,0.919878,0.609134,0.732929,2958,4467,1.510142,2721,1746,237
DS002_final,WMH_0130,0.485437,12.8231,0.400621,0.388199,0.647668,0.485437,322,193,0.599379,125,68,197
DS002_final,WMH_0131,0.769814,2.0000,0.191696,0.843599,0.707898,0.769814,1445,1722,1.191696,1219,503,226
DS002_final,WMH_0132,0.354999,30.1496,3.315776,0.943548,0.218628,0.354999,3968,17125,4.315776,3744,13381,224
DS002_final,WMH_0133,0.846074,2.0000,0.217450,0.938064,0.770515,0.846074,7427,9042,1.217450,6967,2075,460
DS002_final,WMH_0134,0.814023,2.8284,0.226912,0.906379,0.738748,0.814023,3151,3866,1.226912,2856,1010,295
DS002_final,WMH_0135,0.843779,2.0000,0.224481,0.938485,0.766435,0.843779,9640,11804,1.224481,9047,2757,593
DS002_final,WMH_0136,0.893741,1.0000,0.002497,0.892625,0.894860,0.893741,6007,5992,0.997503,5362,630,645
DS002_final,WMH_0137,0.913543,1.0000,0.070930,0.881144,0.948415,0.913543,20344,18901,0.929070,17926,975,2418
DS002_final,WMH_0138,0.874200,1.0000,0.013708,0.868208,0.880275,0.874200,6055,5972,0.986292,5257,715,798
DS002_final,WMH_0139,0.802972,3.1623,0.083445,0.836474,0.772050,0.802972,1486,1610,1.083445,1243,367,243
DS002_final,WMH_0140,0.810355,4.3415,0.041274,0.793632,0.827798,0.810355,848,813,0.958726,673,140,175
DS002_final,WMH_0141,0.615111,15.5762,0.488919,0.464741,0.909330,0.615111,1489,761,0.511081,692,69,797
DS002_final,WMH_0142,0.835682,1.9167,0.024027,0.845722,0.825878,0.835682,7117,7288,1.024027,6019,1269,1098
DS002_final,WMH_0143,0.495379,14.7365,0.572559,0.353562,0.827160,0.495379,758,324,0.427441,268,56,490
DS002_final,WMH_0144,0.888231,0.9583,0.081666,0.851962,0.927726,0.888231,10396,9547,0.918334,8857,690,1539
DS002_final,WMH_0145,0.731868,6.0000,0.388008,0.589883,0.963874,0.731868,70831,43348,0.611992,41782,1566,29049
DS002_final,WMH_0146,0.657731,6.5560,0.328216,0.549793,0.818406,0.657731,2410,1619,0.671784,1325,294,1085
DS002_final,WMH_0147,0.401734,21.4439,0.744102,0.252269,0.985816,0.401734,551,141,0.255898,139,2,412
DS002_final,WMH_0148,0.881722,1.3553,0.007557,0.878390,0.885079,0.881722,18658,18517,0.992443,16389,2128,2269
DS002_final,WMH_0149,0.776885,3.2919,0.268161,0.672720,0.919219,0.776885,5176,3788,0.731839,3482,306,1694
DS002_final,WMH_0150,0.752571,6.3827,0.108297,0.711821,0.798271,0.752571,2724,2429,0.891703,1939,490,785
DS002_final,WMH_0151,0.809122,3.0305,0.000000,0.809122,0.809122,0.809122,4626,4626,1.000000,3743,883,883
DS002_final,WMH_0152,0.667742,12.0000,0.404118,0.532819,0.894168,0.667742,777,463,0.595882,414,49,363
DS002_final,WMH_0153,0.699439,7.1200,0.433627,0.851087,0.593660,0.699439,5567,7981,1.433627,4738,3243,829
DS002_final,WMH_0154,0.819694,4.7917,0.132027,0.873805,0.771894,0.819694,4287,4853,1.132027,3746,1107,541
DS002_final,WMH_0155,0.884174,1.3553,0.074296,0.851329,0.919656,0.884174,12679,11737,0.925704,10794,943,1885
DS002_final,WMH_0156,0.915368,0.9583,0.049111,0.892890,0.939006,0.915368,19466,18510,0.950889,17381,1129,2085
DS002_final,WMH_0157,0.898465,1.3553,0.135859,0.837433,0.969093,0.898465,14228,12295,0.864141,11915,380,2313
DS002_final,WMH_0158,0.882211,0.9583,0.021122,0.891527,0.873086,0.882211,8380,8557,1.021122,7471,1086,909
DS002_final,WMH_0159,0.771254,3.1493,0.351556,0.906824,0.670948,0.771254,5012,6774,1.351556,4545,2229,467
DS002_final,WMH_0160,0.638522,22.4562,0.382646,0.516358,0.836406,0.638522,703,434,0.617354,363,71,340
DS002_final,WMH_0161,0.578947,10.9058,0.531685,0.425039,0.907591,0.578947,647,303,0.468315,275,28,372
DS002_final,WMH_0162,0.671184,4.0432,0.378151,0.544279,0.875260,0.671184,1547,962,0.621849,842,120,705
DS002_final,WMH_0163,0.837192,1.9167,0.047028,0.856878,0.818391,0.837192,5401,5655,1.047028,4628,1027,773
DS002_final,WMH_0164,0.822644,1.9167,0.206924,0.737532,0.929963,0.822644,5113,4055,0.793076,3771,284,1342
DS002_final,WMH_0165,0.640000,6.1757,0.216066,0.709141,0.583144,0.640000,361,439,1.216066,256,183,105
DS002_final,WMH_0166,0.791209,3.0000,0.269164,0.684726,0.936909,0.791209,1735,1268,0.730836,1188,80,547
DS002_final,WMH_0167,0.724472,6.5685,0.385820,0.584715,0.952024,0.724472,1086,667,0.614180,635,32,451
DS002_final,WMH_0168,0.906346,0.9583,0.006286,0.903498,0.909213,0.906346,14953,14859,0.993714,13510,1349,1443
DS002_final,WMH_0169,0.745163,4.5759,0.349112,0.875236,0.648750,0.745163,7943,10716,1.349112,6952,3764,991
DS002_final,WMH_0170,0.654841,15.2161,0.164800,0.708800,0.608516,0.654841,625,728,1.164800,443,285,182
